generations,N,M,K,P,b,c,β,u,v,p1,p2,ϵ,DD_mean,DC_mean,CD_mean,CC_mean,DD_var,DC_var,CD_var,CC_var,set_1_mean,set_1_var,opinion_-1_mean,opinion_0_mean,opinion_1_mean,opinion_-1_var,opinion_0_var,opinion_1_var,total_means_mean,total_means_var,total_vars_mean,total_vars_var,total_cooperation_mean,total_cooperation_var,party_cooperation_mean,enemy_cooperation_var,cityblock_ind_mean,cityblock_ind_var,cityblock_party_mean,cityblock_party_var,cityblock_enemy_mean,cityblock_enemy_var,cityblock_ind-party_mean,hamming_ind_mean,hamming_ind_var,hamming_party_mean,hamming_party_var,hamming_enemy_mean,hamming_enemy_var,hamming_ind-party_mean,DD_mean_final,DC_mean_final,CD_mean_final,CC_mean_final
2.0e7,40.0,1.0,1.0,2.0,1.0,0.2,0.0001,0.001,0.001,0.0,0.0,1.0,0.2723758904235617,0.267603187910934,0.20568349968425,0.2543374219812543,0.1912286734582705,0.18847048136926836,0.15694818130176674,0.18168988551951132,40.0,0.0,0.5028665915074115,0.0,0.4971334084925884,0.24019729376378418,0.0,0.24019729376378418,-0.005733183014823194,0.9607891750551368,0.04018257326621032,0.02720762051730377,0.4606105206355979,0.23312853922153667,0.22440033062448309,0.23621019001111473,0.04018257326621032,0.027207620517303775,0.0401885018608727,0.027250419156120028,0.04017694110128105,0.027235524758511608,-5.928594662386177e-6,0.0,0.0,0.0,0.0,0.0,0.0,0.0,0.2878602249998201,0.2589477750000682,0.20275981874970406,0.2504321812498242
2.0e7,40.0,1.0,1.0,2.0,1.0,0.2,0.0001,0.001,0.001,1.0,1.0,1.0,0.19128129492881696,0.23101009688832796,0.32191758628235634,0.2557910219004988,0.07101411848321418,0.08787030755283062,0.08980770462792322,0.09678870843848482,40.0,0.0,0.5,0.0,0.5,0.0,0.0,0.0,0.0,0.0,1.0256410256410253,4.93038093154136e-32,0.531089396385347,0.054207926908032215,0.2814477970064615,0.24964159937888547,1.0256410256410253,4.93038093154136e-32,0.0,0.0,2.0,0.0,1.0256410256410253,0.0,0.0,0.0,0.0,0.0,0.0,0.0,0.18466996124974677,0.23130447874994278,0.33856756749973116,0.24545799250006187
2.0e7,40.0,1.0,1.0,2.0,1.0,0.2,0.0001,0.001,0.001,0.0,0.0,1.0,0.3049500233361098,0.22645126658604073,0.21507919082893387,0.2535195192489156,0.20441086216344403,0.16847708764462369,0.16210819993575673,0.18202895902523503,40.0,0.0,0.4727206765155179,0.0,0.5272793234844821,0.23985380145499782,0.0,0.23985380145499782,0.05455864696896406,0.9594152058199908,0.03857251438129906,0.025844970436554354,0.46899169524120216,0.23417593156248614,0.22848512402290624,0.24050657121829583,0.03857251438129906,0.025844970436554354,0.038582506628457226,0.025896185658197932,0.03856302174649879,0.025859481865606472,-9.992247158175174e-6,0.0,0.0,0.0,0.0,0.0,0.0,0.0,0.29452321250001523,0.23293202249990516,0.212976552499872,0.25956821250023565
2.0e7,40.0,1.0,1.0,2.0,1.0,0.2,0.0001,0.001,0.001,1.0,1.0,1.0,0.22659471657807131,0.26368217979543446,0.29364726979737393,0.21607583382912035,0.08748665090667213,0.10784860357064528,0.11120724490006388,0.08174634112873004,40.0,0.0,0.5,0.0,0.5,0.0,0.0,0.0,0.0,0.0,1.0256410256410253,4.93038093154136e-32,0.4943564050500003,0.05262114607822132,0.2483266402282921,0.24602976482170819,1.0256410256410253,4.93038093154136e-32,0.0,0.0,2.0,0.0,1.0256410256410253,0.0,0.0,0.0,0.0,0.0,0.0,0.0,0.23530257875006017,0.26753180875005594,0.2842071200000199,0.2129584924999109
2.0e7,40.0,1.0,1.0,2.0,1.0,0.2,0.0001,0.001,0.001,0.0,0.0,1.0,0.2182828906509505,0.3318208940655059,0.16645417130810158,0.28344204397544204,0.16439085054365296,0.2147013563737847,0.13274616814818924,0.195803743556224,40.0,0.0,0.514260911707727,0.0,0.4857390882922729,0.2402317964901325,0.0,0.2402317964901325,-0.028521823415454242,0.96092718596053,0.0392403825778135,0.026286796898777214,0.45319879351887044,0.2334953613878888,0.22078752587505204,0.23241126764381842,0.0392403825778135,0.026286796898777214,0.03924100863865741,0.02633262589323868,0.039239787820011786,0.026307154332964846,-6.260608439109684e-7,0.0,0.0,0.0,0.0,0.0,0.0,0.0,0.22331595499984078,0.329280074999596,0.17108704624973559,0.2763169237501762
2.0e7,40.0,1.0,1.0,2.0,1.0,0.2,0.0001,0.001,0.001,1.0,1.0,1.0,0.2698362891757617,0.2184468045307331,0.20062645135408605,0.31109045493941917,0.0951051131029312,0.08621930003647801,0.08249676182951246,0.10406249749684794,40.0,0.0,0.5,0.0,0.5,0.0,0.0,0.0,0.0,0.0,1.0256410256410253,4.93038093154136e-32,0.5208555069254063,0.06924868641086872,0.2492979664563808,0.27155754046902547,1.0256410256410253,4.93038093154136e-32,0.0,0.0,2.0,0.0,1.0256410256410253,0.0,0.0,0.0,0.0,0.0,0.0,0.0,0.26697430750007123,0.23597169124965953,0.19615794624980018,0.30089605500018035
2.0e7,40.0,1.0,1.0,2.0,1.0,0.2,0.0001,0.001,0.001,0.0,0.0,1.0,0.2574359954202225,0.30224623876409784,0.17949709002793943,0.2608206757877402,0.18532314565653857,0.20379742955002317,0.14089120718710155,0.18604223092038064,40.0,0.0,0.5031971109334938,0.0,0.49680288906650616,0.24045734542555547,0.0,0.24045734542555547,-0.006394221866987677,0.9618293817022219,0.03910747247123728,0.02620320754423376,0.44219055356776127,0.23198752868902695,0.21542492289662113,0.2267656306711401,0.03910747247123728,0.02620320754423376,0.03910510952340035,0.02623629338360967,0.03910971727168237,0.026238009657730738,2.3629478369365764e-6,0.0,0.0,0.0,0.0,0.0,0.0,0.0,0.2659613799998571,0.29102695000032275,0.1761064987496525,0.2669051712500357
2.0e7,40.0,1.0,1.0,2.0,1.0,0.2,0.0001,0.001,0.001,1.0,1.0,1.0,0.2176411170754935,0.23929997837222342,0.2679568045579553,0.2751020999943278,0.08029248065853933,0.08545630460024896,0.08712222162437588,0.0932538119367017,40.0,0.0,0.5,0.0,0.5,0.0,0.0,0.0,0.0,0.0,1.0256410256410253,4.93038093154136e-32,0.528363124029684,0.05711347823310937,0.26456717216079817,0.2637959518688858,1.0256410256410253,4.93038093154136e-32,0.0,0.0,2.0,0.0,1.0256410256410253,0.0,0.0,0.0,0.0,0.0,0.0,0.0,0.23109498124990416,0.2249445499998741,0.26172824250020044,0.2822322262501352
2.0e7,40.0,1.0,1.0,2.0,1.0,0.2,0.0001,0.001,0.001,0.0,0.0,1.0,0.25196204294655317,0.26940527531081804,0.25936011892443783,0.21927256281819094,0.18147112750531752,0.18963611079002451,0.18516951011329752,0.16505357906567272,40.0,0.0,0.4679834990009167,0.0,0.5320165009990833,0.239847459370717,0.0,0.23984745937071708,0.06403300199816656,0.9593898374828683,0.037446144073504814,0.02484845547100174,0.47965594767580916,0.2344719259760549,0.2336797346673652,0.24597621300844394,0.03744614407350482,0.02484845547100174,0.03745033768550756,0.02489208921458024,0.03744216014210221,0.02486791883267565,-4.193612002738724e-6,0.0,0.0,0.0,0.0,0.0,0.0,0.0,0.23951664999990313,0.2819104937501355,0.24984416375009272,0.2287286924997814
2.0e7,40.0,1.0,1.0,2.0,1.0,0.2,0.0001,0.001,0.001,1.0,1.0,1.0,0.2763926429781865,0.2083388662033963,0.24377905451227472,0.2714894363061424,0.10444866738570534,0.08110491094546757,0.09543720577258877,0.1086029743446445,40.0,0.0,0.5,0.0,0.5,0.0,0.0,0.0,0.0,0.0,1.0256410256410253,4.93038093154136e-32,0.497094049520416,0.07503049310246604,0.25102823911666483,0.2460658104037512,1.0256410256410253,4.93038093154136e-32,0.0,0.0,2.0,0.0,1.0256410256410253,0.0,0.0,0.0,0.0,0.0,0.0,0.0,0.2678768237499742,0.23128255750020113,0.2381798749998073,0.2626607437500255
2.0e7,40.0,1.0,1.0,2.0,1.0,0.2,0.0001,0.001,0.001,0.0,0.0,1.0,0.25037977220112373,0.2906775491290251,0.2232908681505073,0.2356518105193438,0.18056016424528948,0.1991073507590967,0.1667458491806588,0.1732078587874677,40.0,0.0,0.47373748340347316,0.0,0.5262625165965268,0.2396842027878661,0.0,0.23968420278786615,0.052525033193053704,0.9587368111514644,0.03949165435872575,0.026431291391678356,0.461237911840059,0.23268324358095202,0.22470506949644203,0.236532842343617,0.03949165435872576,0.02643129139167835,0.03949334137317694,0.02647381450163841,0.03949005169499713,0.026457083391600668,-1.6870144511859183e-6,0.0,0.0,0.0,0.0,0.0,0.0,0.0,0.2402940137499176,0.3053014862503414,0.2199096912499612,0.2344948087499331
2.0e7,40.0,1.0,1.0,2.0,1.0,0.2,0.0001,0.001,0.001,1.0,1.0,1.0,0.24818381815645457,0.2614321604759911,0.2608629646742797,0.22952105669327463,0.09294124367082791,0.08989988215792373,0.08911111373498512,0.08573901584385177,40.0,0.0,0.5,0.0,0.5,0.0,0.0,0.0,0.0,0.0,1.0256410256410253,4.93038093154136e-32,0.4906759227758391,0.0581715539388522,0.2389050279312022,0.25177089484463683,1.0256410256410253,4.93038093154136e-32,0.0,0.0,2.0,0.0,1.0256410256410253,0.0,0.0,0.0,0.0,0.0,0.0,0.0,0.24761607500005228,0.2565542974999494,0.2598662750001973,0.2359633524999171
2.0e7,40.0,1.0,1.0,2.0,1.0,0.2,0.0001,0.001,0.001,0.0,0.0,1.0,0.3003825485898584,0.21363773952012557,0.22043176553156857,0.2655479463584474,0.20235173709406828,0.16108835069628188,0.16516433987851536,0.18751262447560488,40.0,0.0,0.43535769942457225,0.0,0.5646423005754277,0.23637107402889238,0.0,0.23637107402889238,0.1292846011508555,0.9454842961155695,0.03877051109394596,0.02578032611819947,0.48527251342503136,0.23487463822658453,0.23641516407380142,0.2488573493512298,0.03877051109394596,0.02578032611819947,0.03878330106174643,0.025836858400705896,0.03875836062453552,0.025789244759353427,-1.2789967800467019e-5,0.0,0.0,0.0,0.0,0.0,0.0,0.0,0.29103495375011335,0.21855960124982804,0.22514478124989426,0.2652606637500632
2.0e7,40.0,1.0,1.0,2.0,1.0,0.2,0.0001,0.001,0.001,1.0,1.0,1.0,0.3024646734741848,0.24225551848580454,0.18401130644381633,0.27126850159619437,0.09786088437738374,0.08589066116246645,0.07750760187249767,0.09328743755083328,40.0,0.0,0.5,0.0,0.5,0.0,0.0,0.0,0.0,0.0,1.0256410256410253,4.93038093154136e-32,0.4851486496854739,0.06340541345151016,0.221802969871345,0.2633456798141289,1.0256410256410253,4.93038093154136e-32,0.0,0.0,2.0,0.0,1.0256410256410253,0.0,0.0,0.0,0.0,0.0,0.0,0.0,0.3119216062500613,0.22510353000006383,0.1776219299998138,0.28535293375000625
2.0e7,40.0,1.0,1.0,2.0,1.0,0.2,0.0001,0.001,0.001,0.0,0.0,1.0,0.27198140433436646,0.2717333932370337,0.259305667538574,0.19697953489002584,0.19037961707275677,0.1907175238977189,0.18505112909546179,0.15150662349140148,40.0,0.0,0.5447309850149453,0.0,0.4552690149850547,0.23847872675037823,0.0,0.23847872675037823,-0.08946197002989055,0.9539149070015132,0.03905815580731043,0.026041930605543096,0.4554908882989393,0.23244185119376154,0.22190432221614168,0.23358656608279754,0.03905815580731043,0.026041930605543096,0.0390540144969992,0.026069914145481196,0.03906209005210611,0.026080707058214102,4.1413103112380775e-6,0.0,0.0,0.0,0.0,0.0,0.0,0.0,0.2599692537501816,0.29162283499976765,0.25091811999995745,0.19748979124982158
2.0e7,40.0,1.0,1.0,2.0,1.0,0.2,0.0001,0.001,0.001,1.0,1.0,1.0,0.2923220295932205,0.2857838869008952,0.23329156203935764,0.18860252146652656,0.11408266102410199,0.0902897527421258,0.08342494002985025,0.07763134931613999,40.0,0.0,0.5,0.0,0.5,0.0,0.0,0.0,0.0,0.0,1.0256410256410253,4.93038093154136e-32,0.4488132102155054,0.06700222649105217,0.20553814324645647,0.24327506696904894,1.0256410256410253,4.93038093154136e-32,0.0,0.0,2.0,0.0,1.0256410256410253,0.0,0.0,0.0,0.0,0.0,0.0,0.0,0.283858183749913,0.29574117250009563,0.22906190500005996,0.19133873874970703
2.0e7,40.0,1.0,1.0,2.0,1.0,0.2,0.0001,0.001,0.001,0.0,0.0,1.0,0.319253551708136,0.21770204068321997,0.24873764868124174,0.21430675892740228,0.21009784023991657,0.1639598362799073,0.18040133879544842,0.16205286917234413,40.0,0.0,0.49280964206613104,0.0,0.5071903579338689,0.24040216999991063,0.0,0.24040216999991063,0.014380715867738002,0.9616086799996421,0.03916365993250323,0.025970991272983662,0.4624860830314,0.23448973792082256,0.22531589360780654,0.23717018942359344,0.03916365993250323,0.025970991272983662,0.0391775212152839,0.026033090388814246,0.03915049171386157,0.025974377041187244,-1.3861282780685605e-5,0.0,0.0,0.0,0.0,0.0,0.0,0.0,0.31579763500001345,0.2081730649999649,0.2493832175001738,0.2266460824998746
2.0e7,40.0,1.0,1.0,2.0,1.0,0.2,0.0001,0.001,0.001,1.0,1.0,1.0,0.27705664988574163,0.20701354961035834,0.24753155708158014,0.2683982434223198,0.09647664005212359,0.0822170990774636,0.09162176974060889,0.09411365295350109,40.0,0.0,0.5,0.0,0.5,0.0,0.0,0.0,0.0,0.0,1.0256410256410253,4.93038093154136e-32,0.49515132117392946,0.06711129129165742,0.25135041021700005,0.2438009109569294,1.0256410256410253,4.93038093154136e-32,0.0,0.0,2.0,0.0,1.0256410256410253,0.0,0.0,0.0,0.0,0.0,0.0,0.0,0.27679503124986876,0.2119720024998203,0.23871724750001738,0.27251571875028846
2.0e7,40.0,1.0,1.0,2.0,1.0,0.2,0.0001,0.001,0.001,0.0,0.0,1.0,0.28652723408182035,0.2485911111893827,0.21118153271213705,0.2537001220166599,0.19692111373509638,0.17967816065720904,0.15985248456926146,0.18132897090185673,40.0,0.0,0.5159479560584469,0.0,0.48405204394155305,0.23987888396815019,0.0,0.23987888396815024,-0.031895912116893764,0.9595155358726007,0.040479146896457645,0.027132256347802745,0.46594101289643947,0.23383438322438413,0.22699747474657908,0.23894353814986036,0.040479146896457645,0.027132256347802745,0.040476265879973536,0.027162805248915314,0.04048188386211756,0.02717247586015275,2.8810164841184183e-6,0.0,0.0,0.0,0.0,0.0,0.0,0.0,0.27435226250003947,0.24243991749997473,0.22339363749983096,0.2598141824997094
2.0e7,40.0,1.0,1.0,2.0,1.0,0.2,0.0001,0.001,0.001,1.0,1.0,1.0,0.2941046822719621,0.26868144618436407,0.2211344585480856,0.21607941299558817,0.08443809644223244,0.08880944167407201,0.0763582888384534,0.0865090151022424,40.0,0.0,0.5,0.0,0.5,0.0,0.0,0.0,0.0,0.0,1.0256410256410253,4.93038093154136e-32,0.4615969271691166,0.05729037305647124,0.21300161619364244,0.2485953109754741,1.0256410256410253,4.93038093154136e-32,0.0,0.0,2.0,0.0,1.0256410256410253,0.0,0.0,0.0,0.0,0.0,0.0,0.0,0.305370278749778,0.2625234537505864,0.22748790999973398,0.20461835749998653
2.0e7,40.0,1.0,1.0,2.0,1.0,0.2,0.001,0.001,0.001,0.0,0.0,1.0,0.2774728845848397,0.3165535129692493,0.16690431989420446,0.23906928255170648,0.19345179570954588,0.2093537400820425,0.1330763765572057,0.17544552131914995,40.0,0.0,0.419221764209902,0.0,0.580778235790098,0.23295227858652137,0.0,0.23295227858652137,0.16155647158019604,0.9318091143460855,0.04316968606322257,0.029142216481023945,0.4098201404088526,0.22668170756103231,0.1996553583168676,0.210164782091985,0.04316968606322257,0.029142216481023952,0.04318132479401997,0.029202520390767695,0.043158629268965035,0.029157594210586963,-1.1638730797398088e-5,0.0,0.0,0.0,0.0,0.0,0.0,0.0,0.27713297500029066,0.3191174349996457,0.1771713837497076,0.22657820624992797
2.0e7,40.0,1.0,1.0,2.0,1.0,0.2,0.001,0.001,0.001,1.0,1.0,1.0,0.2511770513234972,0.2661537268803485,0.2491599611577799,0.2335092606383744,0.08176564882093819,0.10398978612115606,0.09630571482081546,0.08065395303492112,40.0,0.0,0.5,0.0,0.5,0.0,0.0,0.0,0.0,0.0,1.0256410256410253,4.93038093154136e-32,0.49138400193878046,0.04974627056265133,0.23514654395197265,0.25623745798680786,1.0256410256410253,4.93038093154136e-32,0.0,0.0,2.0,0.0,1.0256410256410253,0.0,0.0,0.0,0.0,0.0,0.0,0.0,0.24609383999985582,0.2731628562498894,0.2553938987499576,0.22534940499999556
2.0e7,40.0,1.0,1.0,2.0,1.0,0.2,0.001,0.001,0.001,0.0,0.0,1.0,0.29347675175129156,0.26791483233806485,0.23971180334934422,0.19889661256129929,0.19957662552853273,0.1891566171672467,0.1754008019621304,0.1530007990985925,40.0,0.0,0.5715348779702846,0.0,0.42846512202971543,0.2350540335536521,0.0,0.2350540335536521,-0.14306975594056912,0.9402161342146084,0.04032303892792234,0.02700213263231614,0.4406573900133359,0.23106609996315366,0.21467732674869555,0.22598006326464032,0.04032303892792234,0.02700213263231614,0.04030897641558318,0.027017135494418802,0.04033639831464454,0.02705925330838984,1.406251233915754e-5,0.0,0.0,0.0,0.0,0.0,0.0,0.0,0.2893831924998544,0.2609744312500691,0.2523680837500649,0.19727429249992992
2.0e7,40.0,1.0,1.0,2.0,1.0,0.2,0.001,0.001,0.001,1.0,1.0,1.0,0.28918048393441753,0.22968105112883047,0.2595289244706153,0.22160954046613665,0.09548478827393651,0.08359924001605634,0.09720296105172216,0.07584144315156616,40.0,0.0,0.5,0.0,0.5,0.0,0.0,0.0,0.0,0.0,1.0256410256410253,4.93038093154136e-32,0.4658318361574906,0.055531819082070916,0.23440076354468695,0.23143107261280363,1.0256410256410253,4.93038093154136e-32,0.0,0.0,2.0,0.0,1.0256410256410253,0.0,0.0,0.0,0.0,0.0,0.0,0.0,0.2960769524999826,0.23582631250017155,0.25170528875011133,0.21639144624993173
2.0e7,40.0,1.0,1.0,2.0,1.0,0.2,0.001,0.001,0.001,0.0,0.0,1.0,0.2275983943000892,0.24446827252954043,0.19921225976598556,0.32872107340438483,0.16865173036057501,0.17786880964227042,0.15307893297223363,0.2131756030216722,40.0,0.0,0.44874503618083134,0.0,0.5512549638191687,0.23723161798239167,0.0,0.23723161798239178,0.10250992763833736,0.9489264719295671,0.04160543130682077,0.02817424991670083,0.5309569177602282,0.2339560035450275,0.25866936184030614,0.27228755591992204,0.04160543130682077,0.02817424991670083,0.0416032965191151,0.02820963910365622,0.04160745935514115,0.028211889746500237,2.1347877056625327e-6,0.0,0.0,0.0,0.0,0.0,0.0,0.0,0.23769576875001144,0.23370285499974805,0.1999760787498676,0.32862529749974556
2.0e7,40.0,1.0,1.0,2.0,1.0,0.2,0.001,0.001,0.001,1.0,1.0,1.0,0.2834024398109755,0.2764648804741733,0.1975016348610203,0.24263104485383083,0.09824420792491177,0.09284674301396605,0.07844201202545222,0.08678726023314813,40.0,0.0,0.5,0.0,0.5,0.0,0.0,0.0,0.0,0.0,1.0256410256410253,4.93038093154136e-32,0.480626652536411,0.059414254084045014,0.2144235996616519,0.2662030528747591,1.0256410256410253,4.93038093154136e-32,0.0,0.0,2.0,0.0,1.0256410256410253,0.0,0.0,0.0,0.0,0.0,0.0,0.0,0.2662934599998405,0.2887124812498911,0.20468790499979317,0.2403061537502068
2.0e7,40.0,1.0,1.0,2.0,1.0,0.2,0.001,0.001,0.001,0.0,0.0,1.0,0.2698837252842375,0.24689506822805174,0.25526783998512,0.22795336650259077,0.1897207802593564,0.17870748797454483,0.18314621558951616,0.16927186852859452,40.0,0.0,0.5029628262242875,0.0,0.49703717377571255,0.24079092370888813,0.0,0.24079092370888813,-0.005925652448574854,0.9631636948355525,0.037744866991382034,0.02501713275570606,0.48371060727961024,0.23423382022707154,0.23565659111024642,0.24805401616936376,0.037744866991382034,0.02501713275570606,0.03774239234764487,0.025040197168562154,0.03774721790293234,0.02505921981698563,2.47464373716399e-6,0.0,0.0,0.0,0.0,0.0,0.0,0.0,0.2777387700000448,0.25079836125017974,0.24119585624984688,0.23026701249993342
2.0e7,40.0,1.0,1.0,2.0,1.0,0.2,0.001,0.001,0.001,1.0,1.0,1.0,0.26534210192543883,0.2469785918345227,0.24417724337904204,0.24350206286099652,0.09575648517321055,0.09702136678663485,0.08898622032983841,0.08388974969253628,40.0,0.0,0.5,0.0,0.5,0.0,0.0,0.0,0.0,0.0,1.0256410256410253,4.93038093154136e-32,0.489115923681594,0.05971414595662554,0.2375873543220701,0.2515285693595239,1.0256410256410253,4.93038093154136e-32,0.0,0.0,2.0,0.0,1.0256410256410253,0.0,0.0,0.0,0.0,0.0,0.0,0.0,0.2606897787501111,0.2374465437503776,0.2499954162497983,0.25186826124976774
2.0e7,40.0,1.0,1.0,2.0,1.0,0.2,0.001,0.001,0.001,0.0,0.0,1.0,0.3144975714168016,0.3256471180196045,0.1572037245997931,0.20265158596380078,0.20829062832800477,0.21171269370352322,0.1266512344045629,0.15535537089704154,40.0,0.0,0.49078107690105127,0.0,0.5092189230989487,0.24023123607022967,0.0,0.24023123607022956,0.018437846197897432,0.9609249442809182,0.03972836403218491,0.02677868161354624,0.36429942573692653,0.2167895472118501,0.177478672867994,0.18682075286893246,0.03972836403218491,0.02677868161354624,0.039732898669809724,0.02682073536595516,0.03972405612644133,0.02680620360497441,-4.534637624818494e-6,0.0,0.0,0.0,0.0,0.0,0.0,0.0,0.3092413387499351,0.33067284749961023,0.15424837499974786,0.20583743874975124
2.0e7,40.0,1.0,1.0,2.0,1.0,0.2,0.001,0.001,0.001,1.0,1.0,1.0,0.2878601978966557,0.20206664988518613,0.27133355159258044,0.23873960062557772,0.09454113429392638,0.07651914041634811,0.09240075663449558,0.08457576742666202,40.0,0.0,0.5,0.0,0.5,0.0,0.0,0.0,0.0,0.0,1.0256410256410253,4.93038093154136e-32,0.474551677695847,0.06033365116099681,0.24849719025442965,0.22605448744141732,1.0256410256410253,4.93038093154136e-32,0.0,0.0,2.0,0.0,1.0256410256410253,0.0,0.0,0.0,0.0,0.0,0.0,0.0,0.299972599999961,0.19065687999975706,0.2567335362500114,0.25263698374985016
2.0e7,40.0,1.0,1.0,2.0,1.0,0.2,0.001,0.001,0.001,0.0,0.0,1.0,0.2925716962460168,0.27740173597768136,0.20047067775162902,0.22955589002467278,0.19935612686277304,0.19280719888619524,0.15376778367077518,0.1696418254968744,40.0,0.0,0.4810988954945058,0.0,0.5189011045054943,0.2398660014230695,0.0,0.2398660014230695,0.037802209010988394,0.959464005692278,0.04010978523606606,0.027011000290601085,0.4333180903498497,0.22994720228584573,0.21110212541597884,0.22221596493387086,0.040109785236066064,0.02701100029060108,0.04010435215794535,0.027036131830478784,0.040114946660280745,0.027058272531709004,5.433078120714759e-6,0.0,0.0,0.0,0.0,0.0,0.0,0.0,0.27799330749973,0.2716279512497104,0.20319145124980217,0.2471872900003953
2.0e7,40.0,1.0,1.0,2.0,1.0,0.2,0.001,0.001,0.001,1.0,1.0,1.0,0.27301303344372035,0.23416440365753313,0.23094832466953752,0.261874238229209,0.0889573623109071,0.09046183123565811,0.07741185694554899,0.09171494662530945,40.0,0.0,0.5,0.0,0.5,0.0,0.0,0.0,0.0,0.0,1.0256410256410253,4.93038093154136e-32,0.49447181992962824,0.059339731862506066,0.24009304346349192,0.2543787764661363,1.0256410256410253,4.93038093154136e-32,0.0,0.0,2.0,0.0,1.0256410256410253,0.0,0.0,0.0,0.0,0.0,0.0,0.0,0.2613818937500413,0.24751732624990871,0.2306559775000022,0.2604448025000565
2.0e7,40.0,1.0,1.0,2.0,1.0,0.2,0.001,0.001,0.001,0.0,0.0,1.0,0.3077185967934113,0.30278185817878567,0.20980165917768562,0.17969788585011745,0.2054441973574532,0.2032677792507543,0.1585577266039716,0.14138506354786876,40.0,0.0,0.5207544391247534,0.0,0.47924556087524656,0.23991436944796435,0.0,0.23991436944796435,-0.04150887824950676,0.9596574777918574,0.03960983440914025,0.02656410124175073,0.393715549209535,0.22269292840038143,0.19181011715727272,0.2019054320522623,0.03960983440914026,0.02656410124175073,0.039618012126484706,0.02660899856657371,0.03960206557766302,0.026588526892631165,-8.17771734445245e-6,0.0,0.0,0.0,0.0,0.0,0.0,0.0,0.2918486325000472,0.3097125212498706,0.21074457999993754,0.18769426624973892
2.0e7,40.0,1.0,1.0,2.0,1.0,0.2,0.001,0.001,0.001,1.0,1.0,1.0,0.2999956680557963,0.31390548394969536,0.23381124117715327,0.15228760681735518,0.10263536196040093,0.09809696094288242,0.0817306536912715,0.06949660022281398,40.0,0.0,0.5,0.0,0.5,0.0,0.0,0.0,0.0,0.0,1.0256410256410253,4.93038093154136e-32,0.4271728186470941,0.05587177384509894,0.1880994387665554,0.23907337988053867,1.0256410256410253,4.93038093154136e-32,0.0,0.0,2.0,0.0,1.0256410256410253,0.0,0.0,0.0,0.0,0.0,0.0,0.0,0.30612150999996307,0.3039790674999978,0.23333138624999838,0.15656803624982502
2.0e7,40.0,1.0,1.0,2.0,1.0,0.2,0.001,0.001,0.001,0.0,0.0,1.0,0.2659831393898256,0.3572635370964702,0.1897736116792438,0.18697971183446047,0.18843620642855313,0.22156610432452822,0.14750921667054764,0.14572693785055701,40.0,0.0,0.5033076123162437,0.0,0.49669238768375623,0.24060609904043548,0.0,0.24060609904043542,-0.006615224632487528,0.9624243961617417,0.03849425241983498,0.025873486077141458,0.38173997099307855,0.21985238964230386,0.18597459800141122,0.19576537299166727,0.03849425241983498,0.025873486077141458,0.038493782949175805,0.025906657630106703,0.038494698416961196,0.025908821828129324,4.694706591787649e-7,0.0,0.0,0.0,0.0,0.0,0.0,0.0,0.2600714375001331,0.34526462874975117,0.20095005249970552,0.19371388124968622
2.0e7,40.0,1.0,1.0,2.0,1.0,0.2,0.001,0.001,0.001,1.0,1.0,1.0,0.24347290452928305,0.2771312596038189,0.2076305037427498,0.2717653321241482,0.08591985254318264,0.09654621110030434,0.07304099099967494,0.10489781202731832,40.0,0.0,0.5,0.0,0.5,0.0,0.0,0.0,0.0,0.0,1.0256410256410253,4.93038093154136e-32,0.5150372348839714,0.06416568242331387,0.233551817473617,0.28148541741035427,1.0256410256410253,4.93038093154136e-32,0.0,0.0,2.0,0.0,1.0256410256410253,0.0,0.0,0.0,0.0,0.0,0.0,0.0,0.2468985050000683,0.26974753624988473,0.22286045250007455,0.2604935062501977
2.0e7,40.0,1.0,1.0,2.0,1.0,0.2,0.001,0.001,0.001,0.0,0.0,1.0,0.2673894809783622,0.32827859704007795,0.2260714999404722,0.1782604220410877,0.18903962721922574,0.21295461948140718,0.16809078542948044,0.1404836722864123,40.0,0.0,0.526983998500889,0.0,0.47301600149911105,0.23939040725667426,0.0,0.23939040725667426,-0.05396799700177793,0.9575616290266971,0.040539363559778954,0.027100637653578973,0.40830723874788843,0.22545098496585103,0.19891625707587748,0.20939098167201095,0.040539363559778954,0.027100637653578973,0.04054740476491026,0.027149378537234158,0.0405317244149042,0.027123903102464222,-8.041205131313714e-6,0.0,0.0,0.0,0.0,0.0,0.0,0.0,0.2822350212499279,0.31556769749965147,0.2259358349995955,0.17626144624991452
2.0e7,40.0,1.0,1.0,2.0,1.0,0.2,0.001,0.001,0.001,1.0,1.0,1.0,0.24387796700677963,0.2489850445008309,0.214934525559193,0.2922024629331965,0.09299954362661438,0.09530618604583305,0.08857008121865291,0.10099723018314727,40.0,0.0,0.5,0.0,0.5,0.0,0.0,0.0,0.0,0.0,1.0256410256410253,4.93038093154136e-32,0.5245987937900956,0.06536493778089726,0.24706672445070907,0.2775320693393864,1.0256410256410253,4.93038093154136e-32,0.0,0.0,2.0,0.0,1.0256410256410253,0.0,0.0,0.0,0.0,0.0,0.0,0.0,0.24114041375005194,0.25455526749982227,0.2300759187500869,0.2742283999999446
2.0e7,40.0,1.0,1.0,2.0,1.0,0.2,0.001,0.001,0.001,0.0,0.0,1.0,0.28334197453655696,0.23391177033823501,0.20461189696600576,0.2781343581592023,0.19621590548474327,0.17266237822697084,0.15665656491908217,0.1933775075344952,40.0,0.0,0.5302110747104959,0.0,0.46978892528950417,0.23945612393496424,0.0,0.23945612393496413,-0.0604221494209917,0.957824495739857,0.039512534699446086,0.026508978513720673,0.4852639606477287,0.23589783941152018,0.2364095515028882,0.24885440914484044,0.039512534699446086,0.026508978513720673,0.039513678798947675,0.026547607628272147,0.03951144780491957,0.02653939890562831,-1.1440995015907953e-6,0.0,0.0,0.0,0.0,0.0,0.0,0.0,0.28392844000016026,0.22551050750017324,0.21298614374983565,0.2775749087495713
2.0e7,40.0,1.0,1.0,2.0,1.0,0.2,0.001,0.001,0.001,1.0,1.0,1.0,0.3065908704671738,0.213032752053736,0.2530537248303486,0.2273226526487415,0.10713951295879381,0.08088558118391405,0.08765453872247578,0.08532795597881804,40.0,0.0,0.5,0.0,0.5,0.0,0.0,0.0,0.0,0.0,1.0256410256410253,4.93038093154136e-32,0.459852816653476,0.06678845230753852,0.23402950370064016,0.22582331295283584,1.0256410256410253,4.93038093154136e-32,0.0,0.0,2.0,0.0,1.0256410256410253,0.0,0.0,0.0,0.0,0.0,0.0,0.0,0.3124956962503359,0.22066435624992983,0.23867418374980492,0.2281657637501609
2.0e7,40.0,1.0,1.0,2.0,1.0,0.2,0.01,0.001,0.001,0.0,0.0,1.0,0.6280442664975406,0.29336881703506573,0.05635253853597008,0.022234377931423445,0.2257923827881993,0.2010558351183759,0.04989350921024039,0.01869366716748221,40.0,0.0,0.49305282538595413,0.0,0.5069471746140459,0.23062336433164507,0.0,0.23062336433164507,0.013894349228091723,0.9224934573265802,0.07929593946931392,0.05781248370740548,0.1049225121196895,0.07306157030507454,0.051115076967965814,0.053807435151723676,0.07929593946931392,0.05781248370740548,0.07928767337290703,0.05788147073454625,0.07930379226090042,0.0579035106169793,8.266096406869682e-6,0.0,0.0,0.0,0.0,0.0,0.0,0.0,0.6060184662470317,0.3140674262497482,0.05293182750008776,0.02698228000003939
2.0e7,40.0,1.0,1.0,2.0,1.0,0.2,0.01,0.001,0.001,1.0,1.0,1.0,0.43929334503925865,0.2508654138408103,0.1992614333743648,0.11057980774556625,0.11988991447762762,0.0946390550866203,0.07451921069986474,0.04750276675907062,40.0,0.0,0.5,0.0,0.5,0.0,0.0,0.0,0.0,0.0,1.0256410256410253,4.93038093154136e-32,0.3363048073135506,0.052920444754150545,0.15094828342310107,0.18535652389044951,1.0256410256410253,4.93038093154136e-32,0.0,0.0,2.0,0.0,1.0256410256410253,0.0,0.0,0.0,0.0,0.0,0.0,0.0,0.4563652299990965,0.2483356887503401,0.18671810124989804,0.10858097999987111
2.0e7,40.0,1.0,1.0,2.0,1.0,0.2,0.01,0.001,0.001,0.0,0.0,1.0,0.604088795606178,0.31042389803200565,0.04935864586896412,0.036128660492852196,0.23101502032595095,0.20719170404517073,0.04337742911624466,0.03170049082542111,40.0,0.0,0.45823838704231185,0.0,0.5417616129576881,0.22675854692655925,0.0,0.22675854692655928,0.08352322591537635,0.9070341877062373,0.08819459837665337,0.06405645498604724,0.11566535899437463,0.07909931919979105,0.05635132421979823,0.0593140347745764,0.08819459837665337,0.06405645498604724,0.08821052814035078,0.0641749410940868,0.08817946510114083,0.06411591558027567,-1.5929763697408853e-5,0.0,0.0,0.0,0.0,0.0,0.0,0.0,0.5834149512476136,0.33042798999948064,0.04658012375005054,0.03957693500014586
2.0e7,40.0,1.0,1.0,2.0,1.0,0.2,0.01,0.001,0.001,1.0,1.0,1.0,0.44359381285589927,0.2427949809558344,0.18048286358428534,0.133128342603981,0.12898852253482818,0.08914052096157805,0.068025411330246,0.054643945216452855,40.0,0.0,0.5,0.0,0.5,0.0,0.0,0.0,0.0,0.0,1.0256410256410253,4.93038093154136e-32,0.3455661659514523,0.0611202555557634,0.1527849601373028,0.19278120581414948,1.0256410256410253,4.93038093154136e-32,0.0,0.0,2.0,0.0,1.0256410256410253,0.0,0.0,0.0,0.0,0.0,0.0,0.0,0.4426348574990571,0.24548216125008432,0.1767286062498052,0.13515437499966365
2.0e7,40.0,1.0,1.0,2.0,1.0,0.2,0.01,0.001,0.001,0.0,0.0,1.0,0.5593816133676882,0.32593998744777847,0.05236355820202455,0.062314840982508835,0.23861475615906275,0.2126202056249379,0.04611471942564863,0.054518611488705786,40.0,0.0,0.48965713946349226,0.0,0.5103428605365078,0.22860270349386821,0.0,0.22860270349386821,0.02068572107301549,0.9144108139754729,0.0873449618141688,0.06371868247058,0.1445801891187644,0.10028047811536966,0.0704347388220017,0.07414545029676273,0.0873449618141688,0.06371868247058,0.08732971152261837,0.06379012352090122,0.0873594495911417,0.06382903135426203,1.5250291550422784e-5,0.0,0.0,0.0,0.0,0.0,0.0,0.0,0.5573786162476863,0.33339778500019385,0.04872274000002631,0.06050085874995546
2.0e7,40.0,1.0,1.0,2.0,1.0,0.2,0.01,0.001,0.001,1.0,1.0,1.0,0.46724082265328765,0.22284775011956942,0.2111938396558978,0.09871758757124513,0.1210676442607798,0.08716868504241708,0.07644328707874129,0.03988276961966009,40.0,0.0,0.5,0.0,0.5,0.0,0.0,0.0,0.0,0.0,1.0256410256410253,4.93038093154136e-32,0.31588781222275686,0.05146045276099546,0.15098250372034527,0.16490530850241159,1.0256410256410253,4.93038093154136e-32,0.0,0.0,2.0,0.0,1.0256410256410253,0.0,0.0,0.0,0.0,0.0,0.0,0.0,0.46984367874886934,0.20955829749994934,0.22535444124983725,0.09524358249984918
2.0e7,40.0,1.0,1.0,2.0,1.0,0.2,0.01,0.001,0.001,0.0,0.0,1.0,0.6267089276828373,0.2932615559299136,0.0543687164239602,0.02566079996328889,0.22592189338545712,0.20098121885510284,0.048196743551857824,0.022028775218384256,40.0,0.0,0.4984303889760895,0.0,0.5015696110239105,0.22958279347387447,0.0,0.22958279347387447,0.0031392220478209973,0.9183311738954979,0.08375284349521239,0.06146232000663033,0.10915700672062215,0.07491041532361897,0.05318237443146354,0.055974632289158596,0.08375284349521239,0.06146232000663033,0.0837517731249015,0.06155275566122607,0.08375386034700776,0.061543893992823416,1.0703703109056902e-6,0.0,0.0,0.0,0.0,0.0,0.0,0.0,0.6244507137468975,0.2900050724997294,0.06125695124995977,0.024287262500079912
2.0e7,40.0,1.0,1.0,2.0,1.0,0.2,0.01,0.001,0.001,1.0,1.0,1.0,0.40889577172801267,0.22438760003402222,0.1765344888036395,0.1901821394343256,0.12466409912985559,0.08100213795237195,0.07423713666342514,0.0857664779418913,40.0,0.0,0.5,0.0,0.5,0.0,0.0,0.0,0.0,0.0,1.0256410256410253,4.93038093154136e-32,0.391256685279187,0.07612923410597142,0.1786568188851625,0.21259986639402448,1.0256410256410253,4.93038093154136e-32,0.0,0.0,2.0,0.0,1.0256410256410253,0.0,0.0,0.0,0.0,0.0,0.0,0.0,0.4104867612493086,0.21865953500009877,0.19082007624969063,0.1800336274998556
2.0e7,40.0,1.0,1.0,2.0,1.0,0.2,0.01,0.001,0.001,0.0,0.0,1.0,0.5942993892055896,0.30420714698849183,0.059314842538064294,0.04217862126785438,0.23328597296532083,0.20537358095490052,0.052535836377281826,0.03718548863549646,40.0,0.0,0.4991769833790564,0.0,0.5008230166209435,0.22881017424082623,0.0,0.22881017424082625,0.0016460332418870474,0.915240696963305,0.08692989175175815,0.06356873242415859,0.13133563554545616,0.09111440769762402,0.06397860837583232,0.06735702716962384,0.08692989175175815,0.06356873242415859,0.08691669458649944,0.06364390758855626,0.08694242905875395,0.06367413360386433,1.3197165258727385e-5,0.0,0.0,0.0,0.0,0.0,0.0,0.0,0.5825868337473376,0.3201290149999261,0.05834399625015467,0.038940155000142036
2.0e7,40.0,1.0,1.0,2.0,1.0,0.2,0.01,0.001,0.001,1.0,1.0,1.0,0.3967798071233441,0.2920188087767328,0.20719409960032778,0.10400728449959531,0.12044886053087216,0.11049036065256321,0.06640724034473197,0.04263314892699163,40.0,0.0,0.5,0.0,0.5,0.0,0.0,0.0,0.0,0.0,1.0256410256410253,4.93038093154136e-32,0.3547012342473673,0.051976011802370214,0.15161094424810997,0.20309028999925735,1.0256410256410253,4.93038093154136e-32,0.0,0.0,2.0,0.0,1.0256410256410253,0.0,0.0,0.0,0.0,0.0,0.0,0.0,0.38930020749963,0.29067065874972153,0.2199581749998197,0.10007095874976796
2.0e7,40.0,1.0,1.0,2.0,1.0,0.2,0.01,0.001,0.001,0.0,0.0,1.0,0.6208347863425118,0.31660298518872304,0.02719710265571652,0.03536512581304857,0.22726687800811252,0.21003352836750866,0.023276894545207618,0.03083992190396657,40.0,0.0,0.504331205314933,0.0,0.495668794685067,0.22892112434003326,0.0,0.2289211243400333,-0.008662410629866061,0.915684497360133,0.08640052938800478,0.0633279200177709,0.09252058577877087,0.06127492940678513,0.045070874454752004,0.04744971132401889,0.08640052938800478,0.0633279200177709,0.08638863028835095,0.06340321372985716,0.08641183353267591,0.06343008644957639,1.1899099653829064e-5,0.0,0.0,0.0,0.0,0.0,0.0,0.0,0.6266438949968854,0.31259403374988115,0.028129512500077645,0.032632558750097726
2.0e7,40.0,1.0,1.0,2.0,1.0,0.2,0.01,0.001,0.001,1.0,1.0,1.0,0.4635462436918753,0.2825052856941508,0.11247658402907866,0.14147188658489518,0.12663022385497918,0.09666528964185311,0.052698472932595046,0.056065999749760856,40.0,0.0,0.5,0.0,0.5,0.0,0.0,0.0,0.0,0.0,1.0256410256410253,4.93038093154136e-32,0.3411426908410756,0.061257443348909854,0.12371848568373088,0.2174242051573447,1.0256410256410253,4.93038093154136e-32,0.0,0.0,2.0,0.0,1.0256410256410253,0.0,0.0,0.0,0.0,0.0,0.0,0.0,0.4708817674987484,0.27359551499999923,0.12042797374978575,0.1350947437497086
2.0e7,40.0,1.0,1.0,2.0,1.0,0.2,0.01,0.001,0.001,0.0,0.0,1.0,0.5795160261379986,0.33186972184057095,0.05608722466182086,0.032527027359609585,0.23596154901373242,0.21511480379421133,0.049535861318857934,0.028218150592091228,40.0,0.0,0.49596798633511185,0.0,0.5040320136648881,0.22901647098990294,0.0,0.22901647098990294,0.008064027329776256,0.9160658839596117,0.08601962912426561,0.0629040901686209,0.11914520285375652,0.08145067425630399,0.05804979652572356,0.06109540632803298,0.08601962912426563,0.0629040901686209,0.08603394843671047,0.06302374311865716,0.08600602577744301,0.06295932181346779,-1.4319312444848134e-5,0.0,0.0,0.0,0.0,0.0,0.0,0.0,0.5825649137474835,0.3239789849997783,0.06055563375011109,0.032900467500040075
2.0e7,40.0,1.0,1.0,2.0,1.0,0.2,0.01,0.001,0.001,1.0,1.0,1.0,0.47582195828766904,0.2441495544916914,0.17582877217617934,0.10419971504446028,0.12532063688453582,0.0971891403062861,0.061154727233864066,0.04340233367728769,40.0,0.0,0.5,0.0,0.5,0.0,0.0,0.0,0.0,0.0,1.0256410256410253,4.93038093154136e-32,0.31506479723998987,0.053878784792833465,0.1364241347997988,0.17864066244019108,1.0256410256410253,4.93038093154136e-32,0.0,0.0,2.0,0.0,1.0256410256410253,0.0,0.0,0.0,0.0,0.0,0.0,0.0,0.46298913249866924,0.2488885150002381,0.1767894849998727,0.11133286749976937
2.0e7,40.0,1.0,1.0,2.0,1.0,0.2,0.01,0.001,0.001,0.0,0.0,1.0,0.6063283899262005,0.2937261045152164,0.05370880951617725,0.046236696042405774,0.23036231408288377,0.20049387722631482,0.04699417275204185,0.04057119320225818,40.0,0.0,0.4957456349585759,0.0,0.5042543650414241,0.23006607950903324,0.0,0.23006607950903324,0.008508730082848331,0.920264318036133,0.0817059842072174,0.05917557561744545,0.12674223444736873,0.08893808620823963,0.061745074810458815,0.06499715963690993,0.0817059842072174,0.05917557561744545,0.08170927236118078,0.0592662495316311,0.08170286046095218,0.05925016327164498,-3.2881539633731927e-6,0.0,0.0,0.0,0.0,0.0,0.0,0.0,0.6123342262467546,0.2923147924998087,0.051606786250121627,0.043744195000164424
2.0e7,40.0,1.0,1.0,2.0,1.0,0.2,0.01,0.001,0.001,1.0,1.0,1.0,0.4889415103365828,0.21572553245969264,0.1745975347445814,0.1207354224591432,0.11896214761207019,0.08403082476789846,0.06538599819532029,0.05260959157183211,40.0,0.0,0.5,0.0,0.5,0.0,0.0,0.0,0.0,0.0,1.0256410256410253,4.93038093154136e-32,0.31642426564736986,0.058267341909135184,0.14388017623030364,0.17254408941706623,1.0256410256410253,4.93038093154136e-32,0.0,0.0,2.0,0.0,1.0256410256410253,0.0,0.0,0.0,0.0,0.0,0.0,0.0,0.4843603812485511,0.2204604262498886,0.18404169499972634,0.11113749749987316
2.0e7,40.0,1.0,1.0,2.0,1.0,0.2,0.01,0.001,0.001,0.0,0.0,1.0,0.5708464571751969,0.33899407838921786,0.04102313938760337,0.04913632504798194,0.23712392867132182,0.2170237398911012,0.03606051319129094,0.04311364434331359,40.0,0.0,0.5003720972015502,0.0,0.4996279027984498,0.22818292619644265,0.0,0.22818292619644265,-0.0007441944031003174,0.9127317047857706,0.08950542779100899,0.06550512172544411,0.12272316957093504,0.08344455858450292,0.059784242013411065,0.06293892755752396,0.08950542779100899,0.06550512172544411,0.08949478216257058,0.06558414495192165,0.0895155411380255,0.06560972015515357,1.0645628438416124e-5,0.0,0.0,0.0,0.0,0.0,0.0,0.0,0.5507901874978873,0.3463668437499193,0.04756789500014991,0.055275073750119516
2.0e7,40.0,1.0,1.0,2.0,1.0,0.2,0.01,0.001,0.001,1.0,1.0,1.0,0.41725953931891446,0.28357428285698427,0.19256901569061022,0.106597162133491,0.1352705893623382,0.1006952073638485,0.08449246105940361,0.042669042692422054,40.0,0.0,0.5,0.0,0.5,0.0,0.0,0.0,0.0,0.0,1.0256410256410253,4.93038093154136e-32,0.34583551782395267,0.056002637353194475,0.14574761156103014,0.20008790626292258,1.0256410256410253,4.93038093154136e-32,0.0,0.0,2.0,0.0,1.0256410256410253,0.0,0.0,0.0,0.0,0.0,0.0,0.0,0.4234051587494271,0.27088185749994714,0.20263067374984978,0.1030823099997273
2.0e7,40.0,1.0,1.0,2.0,1.0,0.2,0.01,0.001,0.001,0.0,0.0,1.0,0.5077937662336797,0.3892962700390961,0.04959868891118396,0.05331127481604029,0.24204520810729793,0.23058493939467017,0.04345818471328996,0.04687352788903909,40.0,0.0,0.5005839833008898,0.0,0.49941601669911023,0.22787181625515207,0.0,0.2278718162551521,-0.0011679666017796345,0.9114872650206083,0.0907809450990643,0.06679711918016798,0.1365927571194907,0.09245201724155801,0.0665476675279786,0.07004508959151211,0.0907809450990643,0.066797119180168,0.09079423004359541,0.06691331290068035,0.09076832440175976,0.06686799043313642,-1.328494453110295e-5,0.0,0.0,0.0,0.0,0.0,0.0,0.0,0.5237364787483366,0.37651579749964426,0.048972642500141814,0.05077508125010776
2.0e7,40.0,1.0,1.0,2.0,1.0,0.2,0.01,0.001,0.001,1.0,1.0,1.0,0.43671788962678393,0.25761294124372547,0.20259412624477074,0.10307504288471984,0.1387753876870107,0.09258720895573308,0.08187443714059676,0.04675793095100958,40.0,0.0,0.5,0.0,0.5,0.0,0.0,0.0,0.0,0.0,1.0256410256410253,4.93038093154136e-32,0.33388391827425523,0.05970395236756545,0.14891573553032242,0.18496818274393284,1.0256410256410253,4.93038093154136e-32,0.0,0.0,2.0,0.0,1.0256410256410253,0.0,0.0,0.0,0.0,0.0,0.0,0.0,0.43129794749917855,0.25488550375006,0.21011089749982567,0.10370565124975872
2.0e7,40.0,1.0,1.0,2.0,1.0,0.2,0.0001,0.001,0.025,0.0,0.0,1.0,0.2514111471438252,0.2613325396481922,0.2541813692121462,0.23307494399583642,0.1814811944969612,0.18611877204493174,0.18252511753942932,0.17228955027584167,40.0,0.0,0.49908209449543917,0.0,0.5009179055045608,0.1263540799494379,0.0,0.1263540799494379,0.001835811009121611,0.5054163197977516,0.5072618852090975,0.13685219949357988,0.4893424559339662,0.1638151437418788,0.2384023721898967,0.2509400837440694,0.5072618852090977,0.1368521994935799,0.5072474770827425,0.13735935445621184,0.5072755729291348,0.1373265894578343,1.440812635504854e-5,0.0,0.0,0.0,0.0,0.0,0.0,0.0,0.24888781374981986,0.2590707899999946,0.25731743500024473,0.2347239612499171
2.0e7,40.0,1.0,1.0,2.0,1.0,0.2,0.0001,0.001,0.025,1.0,1.0,1.0,0.25763700513127746,0.22007244332930873,0.2463690571461635,0.2759214943932503,0.09474282649660681,0.08318756157974151,0.09461623559353753,0.10504781300081377,40.0,0.0,0.5,0.0,0.5,0.0,0.0,0.0,0.0,0.0,1.0256410256410253,4.93038093154136e-32,0.5088051505792011,0.06726688308408285,0.25444925659042594,0.25435589398877506,1.0256410256410253,4.93038093154136e-32,0.0,0.0,2.0,0.0,1.0256410256410253,0.0,0.0,0.0,0.0,0.0,0.0,0.0,0.262375595000081,0.213781175000074,0.24158526750009734,0.28225796250029234
2.0e7,40.0,1.0,1.0,2.0,1.0,0.2,0.0001,0.001,0.025,0.0,0.0,1.0,0.270326233592987,0.26027602026244334,0.23886486034084112,0.23053288580372858,0.1897510686841369,0.1852940688530883,0.17488040737316043,0.17070833147853778,40.0,0.0,0.502390134589437,0.0,0.497609865410563,0.12684164208271592,0.0,0.12684164208271592,-0.004780269178873935,0.5073665683308637,0.5052416501361475,0.136439619047097,0.47616392059060847,0.16596644796287396,0.2319823256804691,0.24418159491013933,0.5052416501361475,0.136439619047097,0.5052161143300988,0.13694328817009774,0.505265909151894,0.13690998266037455,2.5535806048735013e-5,0.0,0.0,0.0,0.0,0.0,0.0,0.0,0.2681752574999614,0.26197600000016014,0.24346120624984804,0.2263875362500093
2.0e7,40.0,1.0,1.0,2.0,1.0,0.2,0.0001,0.001,0.025,1.0,1.0,1.0,0.2804951538613804,0.23746618680743403,0.226797705455683,0.25524095387550255,0.10084370727541771,0.08450940921257073,0.07999526811602616,0.10308125035233778,40.0,0.0,0.5,0.0,0.5,0.0,0.0,0.0,0.0,0.0,1.0256410256410253,4.93038093154136e-32,0.48750970389903353,0.07154725249820436,0.2348393468536546,0.25267035704537893,1.0256410256410253,4.93038093154136e-32,0.0,0.0,2.0,0.0,1.0256410256410253,0.0,0.0,0.0,0.0,0.0,0.0,0.0,0.27566618124990055,0.23419299250019007,0.22891444874992065,0.26122637749983535
2.0e7,40.0,1.0,1.0,2.0,1.0,0.2,0.0001,0.001,0.025,0.0,0.0,1.0,0.19701901961005447,0.27288163206213156,0.3059490802250511,0.22415026810276287,0.15119593528319883,0.19076991567675272,0.20401787434528745,0.16640568569871825,40.0,0.0,0.4970444543308637,0.0,0.5029555456691364,0.1255298408951457,0.0,0.12552984089514568,0.005911091338272704,0.5021193635805827,0.5106109982708991,0.13799891164186728,0.522897907631028,0.15330349706178525,0.2547486724213701,0.2681492352096579,0.5106109982708991,0.13799891164186728,0.5105709251437205,0.13849248314389276,0.5106490677417184,0.13850295818882105,4.007312717842778e-5,0.0,0.0,0.0,0.0,0.0,0.0,0.0,0.19886566374974543,0.28292526250003514,0.2932773024999526,0.22493177124986058
2.0e7,40.0,1.0,1.0,2.0,1.0,0.2,0.0001,0.001,0.025,1.0,1.0,1.0,0.25908050921774955,0.2367865146229714,0.26835351842480454,0.23577945773447456,0.10307938792415439,0.08392275407226901,0.09434112216216083,0.08259857085393975,40.0,0.0,0.5,0.0,0.5,0.0,0.0,0.0,0.0,0.0,1.0256410256410253,4.93038093154136e-32,0.4879448111042057,0.062351312944723604,0.24560325832830904,0.24234155277589658,1.0256410256410253,4.93038093154136e-32,0.0,0.0,2.0,0.0,1.0256410256410253,0.0,0.0,0.0,0.0,0.0,0.0,0.0,0.2515365237498732,0.24771988874999704,0.2606248725001305,0.24011871500000395
2.0e7,40.0,1.0,1.0,2.0,1.0,0.2,0.0001,0.001,0.025,0.0,0.0,1.0,0.27852660535963303,0.22774730123626102,0.23965692974128167,0.2540691636628243,0.19366117604005761,0.16878599993966462,0.17534275314862438,0.18221890642005412,40.0,0.0,0.5032849220397265,0.0,0.4967150779602735,0.12515814741159345,0.0,0.12515814741159345,-0.006569844079453107,0.5006325896463738,0.5121274618618646,0.13738101196100533,0.4917451831865212,0.17072547841479088,0.23956984990281463,0.2521753332837065,0.5121274618618646,0.13738101196100533,0.5121041341228698,0.13787155749901767,0.5121496232139099,0.1378895036086704,2.3327738994917054e-5,0.0,0.0,0.0,0.0,0.0,0.0,0.0,0.25747764374987914,0.23060610374993287,0.24703047624993152,0.26488577624994625
2.0e7,40.0,1.0,1.0,2.0,1.0,0.2,0.0001,0.001,0.025,1.0,1.0,1.0,0.23762032290998206,0.25508391499533806,0.2500282708317627,0.25726749126291715,0.08900207178107708,0.09067266050827318,0.0863751665271489,0.08817701954003142,40.0,0.0,0.5,0.0,0.5,0.0,0.0,0.0,0.0,0.0,1.0256410256410253,4.93038093154136e-32,0.5098884271928081,0.0593868678894883,0.2471441162911389,0.2627443109016693,1.0256410256410253,4.93038093154136e-32,0.0,0.0,2.0,0.0,1.0256410256410253,0.0,0.0,0.0,0.0,0.0,0.0,0.0,0.26160014125009695,0.24175269874989982,0.24823340749992026,0.24841375250003772
2.0e7,40.0,1.0,1.0,2.0,1.0,0.2,0.0001,0.001,0.025,0.0,0.0,1.0,0.2706435182975823,0.19789245011708612,0.2607872702340405,0.27067676135129104,0.18973813922584434,0.152506804136022,0.18558465531526636,0.18972893703710345,40.0,0.0,0.49852929452615025,0.0,0.5014707054738496,0.12662089785862238,0.0,0.12662089785862238,0.002941410947699395,0.5064835914344895,0.5061618305693569,0.13718053242962333,0.5157134590985399,0.17228994500904077,0.2512449125020633,0.26446854659647673,0.5061618305693569,0.13718053242962333,0.5061583028742463,0.13768782104229094,0.506165181879712,0.13764870891916733,3.5276951106639954e-6,0.0,0.0,0.0,0.0,0.0,0.0,0.0,0.26582686124999383,0.20250162124980986,0.2426614849999128,0.28901003249983725
2.0e7,40.0,1.0,1.0,2.0,1.0,0.2,0.0001,0.001,0.025,1.0,1.0,1.0,0.2424901337505481,0.27042998636500076,0.2559210649488297,0.2311588149356214,0.09213573711411546,0.09848052608532676,0.09764692664764622,0.08039532111453705,40.0,0.0,0.5,0.0,0.5,0.0,0.0,0.0,0.0,0.0,1.0256410256410253,4.93038093154136e-32,0.49452035240556447,0.058751612538093856,0.23729532609755316,0.2572250263080113,1.0256410256410253,4.93038093154136e-32,0.0,0.0,2.0,0.0,1.0256410256410253,0.0,0.0,0.0,0.0,0.0,0.0,0.0,0.2544752324997883,0.2562201062499318,0.25415869874991576,0.23514596250042025
2.0e7,40.0,1.0,1.0,2.0,1.0,0.2,0.0001,0.001,0.025,0.0,0.0,1.0,0.22286617511854584,0.253439895642228,0.25759090513383864,0.2661030241053875,0.1662749663050112,0.1821584881937021,0.1848652514893812,0.18822853614192203,40.0,0.0,0.49752091680439353,0.0,0.5024790831956065,0.12665344199339004,0.0,0.12665344199339004,0.0049581663912129795,0.5066137679735602,0.5060119761617278,0.13694693931506946,0.5225047029164054,0.1640676408969237,0.25455059604348546,0.26795410687292,0.5060119761617278,0.13694693931506946,0.5060065812452484,0.1374549231511772,0.5060171013323833,0.13740978076176663,5.39491647941411e-6,0.0,0.0,0.0,0.0,0.0,0.0,0.0,0.23506986500008814,0.24481656874996818,0.26191915750007555,0.2581944087499685
2.0e7,40.0,1.0,1.0,2.0,1.0,0.2,0.0001,0.001,0.025,1.0,1.0,1.0,0.29297243372375364,0.24294042122553217,0.21750433236087044,0.24658281268984375,0.09706869289282262,0.090880449323925,0.08595425972046677,0.08748904848996078,40.0,0.0,0.5,0.0,0.5,0.0,0.0,0.0,0.0,0.0,1.0256410256410253,4.93038093154136e-32,0.47713125593572786,0.064135496204035,0.22609371432670253,0.25103754160902536,1.0256410256410253,4.93038093154136e-32,0.0,0.0,2.0,0.0,1.0256410256410253,0.0,0.0,0.0,0.0,0.0,0.0,0.0,0.2871035075000403,0.24478625000009785,0.22646582749993782,0.24164441499987394
2.0e7,40.0,1.0,1.0,2.0,1.0,0.2,0.0001,0.001,0.025,0.0,0.0,1.0,0.22333502925916504,0.28381061062163276,0.26007822444009865,0.23277613567910357,0.16681036082366704,0.19601654258060583,0.18555319862260333,0.17223617698831856,40.0,0.0,0.49936611392410485,0.0,0.5006338860758952,0.1266270372856427,0.0,0.1266270372856427,0.0012677721517904328,0.5065081491425708,0.5061438684620927,0.13740638371429617,0.49981915951859374,0.16026893285978466,0.2435006110804504,0.25631854843814333,0.5061438684620927,0.13740638371429617,0.5061326683727464,0.1379169696486242,0.5061545085469717,0.13787741151132982,1.1200089346288144e-5,0.0,0.0,0.0,0.0,0.0,0.0,0.0,0.2190205175001269,0.2841492849998347,0.25788038374975414,0.2389498137498527
2.0e7,40.0,1.0,1.0,2.0,1.0,0.2,0.0001,0.001,0.025,1.0,1.0,1.0,0.23888348395091752,0.23470607723855128,0.26241620625465517,0.26399423255587595,0.08735506611962067,0.08189899851773882,0.09515544118173286,0.09065064491651435,40.0,0.0,0.5,0.0,0.5,0.0,0.0,0.0,0.0,0.0,1.0256410256410253,4.93038093154136e-32,0.5122001162381703,0.06103622316829464,0.25645636762564344,0.25574374861252674,1.0256410256410253,4.93038093154136e-32,0.0,0.0,2.0,0.0,1.0256410256410253,0.0,0.0,0.0,0.0,0.0,0.0,0.0,0.23846654249998703,0.23726747999993722,0.2614831362501123,0.26278284124987994
2.0e7,40.0,1.0,1.0,2.0,1.0,0.2,0.0001,0.001,0.025,0.0,0.0,1.0,0.27355621674687686,0.25355983313556485,0.23312196204877988,0.2397619880687784,0.19177726750369112,0.18193742501789847,0.17157908827742446,0.17545608966837295,40.0,0.0,0.503840306731094,0.0,0.496159693268906,0.12654873575866957,0.0,0.12654873575866957,-0.007680613462188144,0.5061949430346783,0.5064062495016471,0.13751630992851696,0.4798156880159376,0.1678650357967106,0.2337600140432471,0.24605567397269046,0.5064062495016471,0.137516309928517,0.5064910323879251,0.13807492213485623,0.506325705759683,0.13792470573886334,-8.478288627798948e-5,0.0,0.0,0.0,0.0,0.0,0.0,0.0,0.2676240362497351,0.25828723499994843,0.24168564500005613,0.23240308375025853
2.0e7,40.0,1.0,1.0,2.0,1.0,0.2,0.0001,0.001,0.025,1.0,1.0,1.0,0.242076547662414,0.201992836000398,0.32594272772540406,0.22998788861178396,0.08585093320512174,0.06981917131278821,0.10510348355605303,0.07686373311859204,40.0,0.0,0.5,0.0,0.5,0.0,0.0,0.0,0.0,0.0,1.0256410256410253,4.93038093154136e-32,0.4923665835437368,0.05194087470846031,0.27083799257452756,0.22152859096920932,1.0256410256410253,4.93038093154136e-32,0.0,0.0,2.0,0.0,1.0256410256410253,0.0,0.0,0.0,0.0,0.0,0.0,0.0,0.27286219625005753,0.20303408624991773,0.30793933000000495,0.21616438749999484
2.0e7,40.0,1.0,1.0,2.0,1.0,0.2,0.0001,0.001,0.025,0.0,0.0,1.0,0.2182406614866299,0.3514707638071798,0.2493120583715523,0.18097651633463796,0.16429059134032345,0.21966552574259224,0.18044940687517846,0.14233178750051745,40.0,0.0,0.4941593086578162,0.0,0.5058406913421838,0.12582848465608346,0.0,0.12582848465608346,0.011681382684367629,0.5033139386243338,0.5092816765498783,0.13747784189392942,0.4596571535233206,0.1490240832699,0.2239243792620359,0.23573277426128456,0.5092816765498783,0.13747784189392942,0.5092683161517603,0.13798026854331788,0.5092943689280905,0.13796295758476268,1.3360398118158854e-5,0.0,0.0,0.0,0.0,0.0,0.0,0.0,0.2088304874998461,0.3685233599992508,0.23911244499994722,0.18353370749972944
2.0e7,40.0,1.0,1.0,2.0,1.0,0.2,0.0001,0.001,0.025,1.0,1.0,1.0,0.2759346513369638,0.2609515049471386,0.23485183556378694,0.22826200815211065,0.09441156382266311,0.08842513140772973,0.09292233390007638,0.08706040617722444,40.0,0.0,0.5,0.0,0.5,0.0,0.0,0.0,0.0,0.0,1.0256410256410253,4.93038093154136e-32,0.476498276020751,0.0630897172044854,0.22561955135446943,0.25087872466628164,1.0256410256410253,4.93038093154136e-32,0.0,0.0,2.0,0.0,1.0256410256410253,0.0,0.0,0.0,0.0,0.0,0.0,0.0,0.2774539562499737,0.25730476999976937,0.24186371250012786,0.2233775612501426
2.0e7,40.0,1.0,1.0,2.0,1.0,0.2,0.0001,0.001,0.025,0.0,0.0,1.0,0.24084999634166687,0.23780664789963069,0.2883418103698994,0.23300154538880302,0.17616388704645686,0.17422788562851874,0.19799539303060906,0.17213678342755626,40.0,0.0,0.5069482982250946,0.0,0.4930517017749055,0.12720879548937078,0.0,0.12720879548937078,-0.013896596450189088,0.5088351819574831,0.5035607496597304,0.13692527409497912,0.5092924776176544,0.16311228605164638,0.24812165801033526,0.2611708196073191,0.5035607496597304,0.13692527409497912,0.5035293290436922,0.13741207404202663,0.5035905992449666,0.1374048624019014,3.142061603819036e-5,0.0,0.0,0.0,0.0,0.0,0.0,0.0,0.24335461125025631,0.2404857912501771,0.28596169249986636,0.23019790499981502
2.0e7,40.0,1.0,1.0,2.0,1.0,0.2,0.0001,0.001,0.025,1.0,1.0,1.0,0.2988481792306567,0.23137374270145875,0.20136919714615573,0.2684088809217288,0.1103648568852305,0.08109416043644091,0.07417797272962634,0.09414516291077146,40.0,0.0,0.5,0.0,0.5,0.0,0.0,0.0,0.0,0.0,1.0256410256410253,4.93038093154136e-32,0.4851650109737387,0.07090462692609432,0.22886622962851436,0.2562987813452244,1.0256410256410253,4.93038093154136e-32,0.0,0.0,2.0,0.0,1.0256410256410253,0.0,0.0,0.0,0.0,0.0,0.0,0.0,0.28484715249998066,0.23174764249996868,0.21004796624982316,0.2733572387497665
2.0e7,40.0,1.0,1.0,2.0,1.0,0.2,0.001,0.001,0.025,0.0,0.0,1.0,0.29731827792676235,0.2225993431889254,0.25329569426135035,0.22678668462296195,0.20138245197743349,0.1664609466729442,0.18163767110706563,0.1679533818898252,40.0,0.0,0.4969972696112629,0.0,0.5030027303887372,0.12575350513748942,0.0,0.1257535051374894,0.0060054607774744,0.5030140205499576,0.5096922480370404,0.13678509893954222,0.48106556618724067,0.16950673268898137,0.23435556575517513,0.24671000043206548,0.5096922480370404,0.13678509893954222,0.50967645063201,0.1372925891680783,0.5097072555718191,0.13726525215625057,1.5797405030303077e-5,0.0,0.0,0.0,0.0,0.0,0.0,0.0,0.28943721500022723,0.22006916874987856,0.2805556974998521,0.2099379187499004
2.0e7,40.0,1.0,1.0,2.0,1.0,0.2,0.001,0.001,0.025,1.0,1.0,1.0,0.21968196696211292,0.2284815414732477,0.3007925277337485,0.2510439638308909,0.07906550387025897,0.09306645421551885,0.09638871627475634,0.09029869993112591,40.0,0.0,0.5,0.0,0.5,0.0,0.0,0.0,0.0,0.0,1.0256410256410253,4.93038093154136e-32,0.5147539067301959,0.054649977072750176,0.26884340543462565,0.24591050129557038,1.0256410256410253,4.93038093154136e-32,0.0,0.0,2.0,0.0,1.0256410256410253,0.0,0.0,0.0,0.0,0.0,0.0,0.0,0.21482548499990473,0.23618314000009474,0.2927376462501672,0.2562537287498369
2.0e7,40.0,1.0,1.0,2.0,1.0,0.2,0.001,0.001,0.025,0.0,0.0,1.0,0.2274221262543263,0.26999430861142726,0.24526492804083735,0.257318637093409,0.1684578957693599,0.18959289874677474,0.17834260395340704,0.1839951857772859,40.0,0.0,0.5005035374720256,0.0,0.49949646252797425,0.12715833641527793,0.0,0.12715833641527793,-0.0010070749440513932,0.5086333456611117,0.5039647880988223,0.1368100152831527,0.5172092240083195,0.16370687120951066,0.2519801887076534,0.2652290353006661,0.5039647880988223,0.13681001528315273,0.5040287787235473,0.13736327315469918,0.5039039970053335,0.13722612977875784,-6.399062472506292e-5,0.0,0.0,0.0,0.0,0.0,0.0,0.0,0.2298245487498607,0.27325293875002893,0.2450931212499995,0.25182939124987
2.0e7,40.0,1.0,1.0,2.0,1.0,0.2,0.001,0.001,0.025,1.0,1.0,1.0,0.27425507087471834,0.26084408550866195,0.2343433800364789,0.23055746358014093,0.08973651310140078,0.09128781941405892,0.10182439089742176,0.0872450375135062,40.0,0.0,0.5,0.0,0.5,0.0,0.0,0.0,0.0,0.0,1.0256410256410253,4.93038093154136e-32,0.4784909219214446,0.05628731937315619,0.22649012751693026,0.25200079440451423,1.0256410256410253,4.93038093154136e-32,0.0,0.0,2.0,0.0,1.0256410256410253,0.0,0.0,0.0,0.0,0.0,0.0,0.0,0.2791993800001851,0.2579124212501231,0.23211143249981225,0.23077676624996057
2.0e7,40.0,1.0,1.0,2.0,1.0,0.2,0.001,0.001,0.025,0.0,0.0,1.0,0.3084824286954206,0.25962051335441594,0.25685932600781525,0.17503773194234823,0.20605988989248533,0.18561559849543335,0.1844355914149379,0.13844755444435608,40.0,0.0,0.5006668638518409,0.0,0.49933313614815905,0.12523952543146727,0.0,0.1252395254314673,-0.001333727703681797,0.5009581017258691,0.5118360484877409,0.1374666270926163,0.44338661500416243,0.16058493038071878,0.21600338329895735,0.22738323170520505,0.5118360484877409,0.1374666270926163,0.5118129692267649,0.13796765930431157,0.5118579737856681,0.13795526486099777,2.3079260976032757e-5,0.0,0.0,0.0,0.0,0.0,0.0,0.0,0.2924758912501956,0.26447312874977863,0.25715983875011994,0.1858911412496978
2.0e7,40.0,1.0,1.0,2.0,1.0,0.2,0.001,0.001,0.025,1.0,1.0,1.0,0.30614695799183567,0.24565624051909776,0.22833089703717238,0.2198659044518942,0.09657433858590297,0.0875164801205794,0.07522966804097803,0.07765294067949409,40.0,0.0,0.5,0.0,0.5,0.0,0.0,0.0,0.0,0.0,1.0256410256410253,4.93038093154136e-32,0.45708159301825907,0.06230725159603812,0.21835228790492991,0.23872930511332915,1.0256410256410253,4.93038093154136e-32,0.0,0.0,2.0,0.0,1.0256410256410253,0.0,0.0,0.0,0.0,0.0,0.0,0.0,0.3225851212498751,0.24180803874994233,0.22175089749979013,0.21385594249994658
2.0e7,40.0,1.0,1.0,2.0,1.0,0.2,0.001,0.001,0.025,0.0,0.0,1.0,0.32759614985576946,0.18263823290898706,0.27592689300406154,0.213838724231182,0.21231399771388526,0.14290257399200906,0.1924086547929224,0.16104643421490275,40.0,0.0,0.49679370434479425,0.0,0.5032062956552058,0.12655207359121137,0.0,0.12655207359121137,0.006412591310411592,0.5062082943648455,0.5064108845441246,0.13723901140374378,0.472991560688503,0.17223985107449205,0.23043705176346865,0.24255450892503436,0.5064108845441246,0.13723901140374378,0.5064486470101629,0.13775527689464193,0.5063750102013884,0.1376963050037855,-3.776246603823314e-5,0.0,0.0,0.0,0.0,0.0,0.0,0.0,0.3341818324997986,0.18738901374972608,0.27754074874984275,0.20088840499985128
2.0e7,40.0,1.0,1.0,2.0,1.0,0.2,0.001,0.001,0.025,1.0,1.0,1.0,0.23142784130956434,0.20199598877800062,0.2943379253145597,0.27223824459787527,0.09335301153435921,0.07929402213968786,0.09867021570014209,0.10318276006778619,40.0,0.0,0.5,0.0,0.5,0.0,0.0,0.0,0.0,0.0,1.0256410256410253,4.93038093154136e-32,0.5192213299506669,0.06905892434970579,0.2760243014388209,0.2431970285118459,1.0256410256410253,4.93038093154136e-32,0.0,0.0,2.0,0.0,1.0256410256410253,0.0,0.0,0.0,0.0,0.0,0.0,0.0,0.2370992612498133,0.19691016874994063,0.30202471750018306,0.26396585250015053
2.0e7,40.0,1.0,1.0,2.0,1.0,0.2,0.001,0.001,0.025,0.0,0.0,1.0,0.26656196019100226,0.21691230044931664,0.34271812401565976,0.17380761534402137,0.18871204180661508,0.16342008772345507,0.21759880473059168,0.13776875019791987,40.0,0.0,0.4893227144820714,0.0,0.5106772855179286,0.12761224480374617,0.0,0.12761224480374617,0.021354571035857164,0.5104489792149847,0.5016359296811949,0.13754687315718908,0.49474395702277163,0.1592062337385933,0.24102849284172195,0.2537154641810497,0.5016359296811949,0.13754687315718908,0.5016634095567111,0.13806001492598752,0.5016098237994543,0.1379977472949685,-2.747987551637078e-5,0.0,0.0,0.0,0.0,0.0,0.0,0.0,0.2883796137498544,0.2162175262497822,0.32339137999996215,0.1720114799999062
2.0e7,40.0,1.0,1.0,2.0,1.0,0.2,0.001,0.001,0.025,1.0,1.0,1.0,0.2471631182131601,0.2400907561060691,0.2713892682561518,0.24135685742461901,0.09078512824711372,0.07981706465777318,0.08957833737249411,0.08863136951977141,40.0,0.0,0.5,0.0,0.5,0.0,0.0,0.0,0.0,0.0,1.0256410256410253,4.93038093154136e-32,0.4966955923844329,0.06011944840173421,0.24979939456242684,0.24689619782200606,1.0256410256410253,4.93038093154136e-32,0.0,0.0,2.0,0.0,1.0256410256410253,0.0,0.0,0.0,0.0,0.0,0.0,0.0,0.24726680125012881,0.2513703537498739,0.2633642162500075,0.23799862874999725
2.0e7,40.0,1.0,1.0,2.0,1.0,0.2,0.001,0.001,0.025,0.0,0.0,1.0,0.21949638502797864,0.2897392769589291,0.2667170907379394,0.2240472472751529,0.16469207233861255,0.19840849599432542,0.18868987441728946,0.1671915510121949,40.0,0.0,0.4961534043803664,0.0,0.5038465956196336,0.12614539852770587,0.0,0.12614539852770587,0.007693191239267154,0.5045815941108235,0.5080607679282478,0.13737746887544275,0.5077217419499318,0.15789552517789354,0.24735713821662628,0.2603646037333055,0.508060767928248,0.13737746887544275,0.5080793030599218,0.1378971505986673,0.5080431595531577,0.13783968280303063,-1.853513167381993e-5,0.0,0.0,0.0,0.0,0.0,0.0,0.0,0.2204499262498584,0.28608916124965766,0.27234002500011295,0.22112088749993664
2.0e7,40.0,1.0,1.0,2.0,1.0,0.2,0.001,0.001,0.025,1.0,1.0,1.0,0.3160331963314891,0.22099920994448832,0.2533239317597816,0.209643661964241,0.09814943396222574,0.07782293329609802,0.09172781241454253,0.07280752071625277,40.0,0.0,0.5,0.0,0.5,0.0,0.0,0.0,0.0,0.0,1.0256410256410253,4.93038093154136e-32,0.44639079906091,0.05628088971354206,0.22554831489119054,0.2208424841697195,1.0256410256410253,4.93038093154136e-32,0.0,0.0,2.0,0.0,1.0256410256410253,0.0,0.0,0.0,0.0,0.0,0.0,0.0,0.3034791350000122,0.23110980125005012,0.25794638999990693,0.20746467374978944
2.0e7,40.0,1.0,1.0,2.0,1.0,0.2,0.001,0.001,0.025,0.0,0.0,1.0,0.277135677659129,0.2651930255448319,0.2595375078034718,0.1981337889925673,0.19264127360290512,0.18716574810780356,0.18481370739817846,0.1521756216312823,40.0,0.0,0.5042676761517958,0.0,0.4957323238482042,0.12649008787675156,0.0,0.12649008787675156,-0.00853535230359154,0.5059603515070062,0.5066326403722609,0.1374146592246935,0.4693432417672558,0.1616188262257816,0.22865211478998224,0.24069112697727355,0.5066326403722609,0.1374146592246935,0.5066254224389385,0.1379304861357933,0.5066394974089168,0.13787966283837458,7.2179333222049866e-6,0.0,0.0,0.0,0.0,0.0,0.0,0.0,0.28518856125013253,0.2757998887500513,0.2481122949997767,0.19089925499988084
2.0e7,40.0,1.0,1.0,2.0,1.0,0.2,0.001,0.001,0.025,1.0,1.0,1.0,0.24604440021975552,0.26317557982357886,0.2699216391710201,0.22085838078564551,0.08544429441006485,0.09047623429500162,0.098840097610969,0.08930518775321925,40.0,0.0,0.5,0.0,0.5,0.0,0.0,0.0,0.0,0.0,1.0256410256410253,4.93038093154136e-32,0.4873204752770677,0.05647546396928525,0.23909793137490135,0.24822254390216633,1.0256410256410253,4.93038093154136e-32,0.0,0.0,2.0,0.0,1.0256410256410253,0.0,0.0,0.0,0.0,0.0,0.0,0.0,0.24919285500002214,0.2743835637500133,0.266583696250059,0.20983988499989165
2.0e7,40.0,1.0,1.0,2.0,1.0,0.2,0.001,0.001,0.025,0.0,0.0,1.0,0.2723380973701057,0.20331059426052256,0.30316183593545354,0.2211894724339182,0.19096988621843977,0.1551897193400333,0.20402615570962848,0.1645538461983059,40.0,0.0,0.49663173490934803,0.0,0.5033682650906519,0.12627948628270436,0.0,0.12627948628270436,0.006736530181303878,0.5051179451308174,0.5075248226588773,0.13718801926083743,0.5063042778548905,0.16537363077407885,0.24666324227939257,0.25964103557549806,0.5075248226588773,0.13718801926083743,0.5075052878871331,0.13770051178018017,0.5075433806920344,0.13765904050457375,1.953477174424894e-5,0.0,0.0,0.0,0.0,0.0,0.0,0.0,0.27283624625005726,0.2130756524998147,0.2876706849998974,0.22641741625016668
2.0e7,40.0,1.0,1.0,2.0,1.0,0.2,0.001,0.001,0.025,1.0,1.0,1.0,0.2566800260177763,0.2064546788080734,0.22977924001226444,0.3070860551618858,0.09690298895131166,0.07377664583444776,0.08630751042613621,0.10284978802778647,40.0,0.0,0.5,0.0,0.5,0.0,0.0,0.0,0.0,0.0,1.0256410256410253,4.93038093154136e-32,0.5249039674910901,0.06665845506452438,0.2615497591874066,0.26335420830368356,1.0256410256410253,4.93038093154136e-32,0.0,0.0,2.0,0.0,1.0256410256410253,0.0,0.0,0.0,0.0,0.0,0.0,0.0,0.24867794624997427,0.20037015249991974,0.24586044624993136,0.3050914550002961
2.0e7,40.0,1.0,1.0,2.0,1.0,0.2,0.001,0.001,0.025,0.0,0.0,1.0,0.30303812899788174,0.25547654969574723,0.21845180730823294,0.22303351399813812,0.20411445466751268,0.18356880434620818,0.16406985141314492,0.16656451279370077,40.0,0.0,0.5008964985613057,0.0,0.4991035014386943,0.12637466320000712,0.0,0.12637466320000712,-0.0017929971226112683,0.5054986528000285,0.5071776004559453,0.13686849239071303,0.4580513589544116,0.16890937739007725,0.22316029208938548,0.2348910668650262,0.5071776004559453,0.13686849239071303,0.5071947960915172,0.1373861503787787,0.5071612646021519,0.13732871765867108,-1.719563557189796e-5,0.0,0.0,0.0,0.0,0.0,0.0,0.0,0.29775773624998203,0.2665509250001716,0.2190535812497805,0.21663775749997302
2.0e7,40.0,1.0,1.0,2.0,1.0,0.2,0.001,0.001,0.025,1.0,1.0,1.0,0.30948592447300416,0.2516506540749637,0.20213952488113754,0.23672389657089463,0.10746345910689342,0.09557036676458455,0.07221440743302868,0.09361127829711441,40.0,0.0,0.5,0.0,0.5,0.0,0.0,0.0,0.0,0.0,1.0256410256410253,4.93038093154136e-32,0.46425375764829546,0.0703201995053883,0.213805270137599,0.2504484875106965,1.0256410256410253,4.93038093154136e-32,0.0,0.0,2.0,0.0,1.0256410256410253,0.0,0.0,0.0,0.0,0.0,0.0,0.0,0.3079464637499712,0.2576137549998748,0.2011171187498074,0.233322662499979
2.0e7,40.0,1.0,1.0,2.0,1.0,0.2,0.001,0.001,0.025,0.0,0.0,1.0,0.2718066487885195,0.20486912889615952,0.2929735642792465,0.23035065803607455,0.19060963726441799,0.15652068599219773,0.199630625239986,0.17059046379032378,40.0,0.0,0.5020658012741221,0.0,0.4979341987258778,0.12695994152735873,0.0,0.12695994152735873,-0.004131602548244303,0.5078397661094349,0.5047622481684791,0.1373695915821073,0.5098502537618804,0.16747825711531797,0.24837384724133899,0.26147640652054144,0.5047622481684791,0.13736959158210732,0.504753821958121,0.13787844888252174,0.5047702530683194,0.13783888751773335,8.426210358092367e-6,0.0,0.0,0.0,0.0,0.0,0.0,0.0,0.2728798399998343,0.20539974624975477,0.2882221724999868,0.23349824125018573
2.0e7,40.0,1.0,1.0,2.0,1.0,0.2,0.001,0.001,0.025,1.0,1.0,1.0,0.32548281108428834,0.23545366469701864,0.22928476781751292,0.2097787564011802,0.09334464724066618,0.08913010113138675,0.07986194961789672,0.08009802234154505,40.0,0.0,0.5,0.0,0.5,0.0,0.0,0.0,0.0,0.0,1.0256410256410253,4.93038093154136e-32,0.44222703543895386,0.057690296582738027,0.2139027155025557,0.22832431993639815,1.0256410256410253,4.93038093154136e-32,0.0,0.0,2.0,0.0,1.0256410256410253,0.0,0.0,0.0,0.0,0.0,0.0,0.0,0.3172170912495557,0.23501740750018246,0.23659925250010566,0.211166248749983
2.0e7,40.0,1.0,1.0,2.0,1.0,0.2,0.01,0.001,0.025,0.0,0.0,1.0,0.6657909782893902,0.10523338720925626,0.18302873983173668,0.045946894669616954,0.2142267255810887,0.08915584328874084,0.14370848221507754,0.04049817789182371,40.0,0.0,0.5111762938235391,0.0,0.4888237061764608,0.13089406239387497,0.0,0.13089406239387497,-0.022352587647078464,0.5235762495754998,0.48812732444876683,0.1411295572199187,0.24554620095968402,0.1408830883886084,0.11962849118160807,0.12591770977807595,0.48812732444876683,0.1411295572199187,0.4881292956887233,0.14165343391980215,0.4881254517708083,0.1415422796298523,-1.9712399564598414e-6,0.0,0.0,0.0,0.0,0.0,0.0,0.0,0.6671874812463913,0.10240071249982485,0.17509438999980753,0.055317416250171676
2.0e7,40.0,1.0,1.0,2.0,1.0,0.2,0.01,0.001,0.025,1.0,1.0,1.0,0.4649033505609249,0.2638211353432703,0.15699215238932487,0.11428336170647989,0.12338277488666317,0.09231086898498835,0.06038284702447057,0.05250689719897216,40.0,0.0,0.5,0.0,0.5,0.0,0.0,0.0,0.0,0.0,1.0256410256410253,4.93038093154136e-32,0.3260595936733274,0.056214894747122685,0.13215986584154596,0.19389972783178147,1.0256410256410253,4.93038093154136e-32,0.0,0.0,2.0,0.0,1.0256410256410253,0.0,0.0,0.0,0.0,0.0,0.0,0.0,0.4813065299986588,0.24800577625016254,0.16023314374977402,0.11045454999985935
2.0e7,40.0,1.0,1.0,2.0,1.0,0.2,0.01,0.001,0.025,0.0,0.0,1.0,0.6555076205273543,0.09854974730279181,0.20263168596490633,0.04331094620494744,0.21756702337138586,0.08397726648921958,0.15557464533970844,0.03779690179989669,40.0,0.0,0.49387638367353426,0.0,0.5061236163264656,0.13288049409878075,0.0,0.13288049409878078,0.01224723265293152,0.5315219763951231,0.4803364701807374,0.14129978775378385,0.25769916232155654,0.1464721156302458,0.12554192290436608,0.13215723941719038,0.4803364701807374,0.14129978775378385,0.48031897097643134,0.14177366435267827,0.4803530944248281,0.14175236002432023,1.7499204305978276e-5,0.0,0.0,0.0,0.0,0.0,0.0,0.0,0.6608488024964562,0.10019184124987231,0.19861434124981897,0.040345015000107926
2.0e7,40.0,1.0,1.0,2.0,1.0,0.2,0.01,0.001,0.025,1.0,1.0,1.0,0.4698940433392198,0.24813052232608213,0.15213956377002422,0.12983587056467386,0.12714948028151876,0.09791764630303257,0.06471981316939747,0.05681301668097141,40.0,0.0,0.5,0.0,0.5,0.0,0.0,0.0,0.0,0.0,1.0256410256410253,4.93038093154136e-32,0.33120156763979897,0.05921352845235959,0.13737263396362862,0.1938289336761703,1.0256410256410253,4.93038093154136e-32,0.0,0.0,2.0,0.0,1.0256410256410253,0.0,0.0,0.0,0.0,0.0,0.0,0.0,0.43962191999892986,0.2654746737500374,0.15939790624967526,0.1355054999998584
2.0e7,40.0,1.0,1.0,2.0,1.0,0.2,0.01,0.001,0.025,0.0,0.0,1.0,0.6837909522893915,0.12262635152075826,0.14376873090173717,0.04981396528811304,0.2082648933202189,0.10252878582730622,0.11807361781104565,0.04377483514802851,40.0,0.0,0.5076846884619617,0.0,0.4923153115380383,0.12870613076829512,0.0,0.12870613076829512,-0.015369376923923504,0.5148245230731805,0.4973736284934879,0.14157175168178673,0.22268759724385148,0.12864295097131834,0.10849314845978235,0.11419444878406908,0.4973736284934879,0.1415717516817867,0.4974132530676848,0.14210948543892074,0.49733598514800076,0.14199574799669626,-3.962457419689165e-5,0.0,0.0,0.0,0.0,0.0,0.0,0.0,0.6853419962460385,0.11960659624980644,0.14008446749979564,0.05496694000015757
2.0e7,40.0,1.0,1.0,2.0,1.0,0.2,0.01,0.001,0.025,1.0,1.0,1.0,0.44274295318094703,0.2558086107884105,0.22316494037972553,0.07828349565091691,0.13033877901854024,0.09123101295550098,0.08256337259072517,0.037206921190433666,40.0,0.0,0.5,0.0,0.5,0.0,0.0,0.0,0.0,0.0,1.0256410256410253,4.93038093154136e-32,0.3181887933627308,0.05208259765371495,0.14685950800922964,0.1713292853535012,1.0256410256410253,4.93038093154136e-32,0.0,0.0,2.0,0.0,1.0256410256410253,0.0,0.0,0.0,0.0,0.0,0.0,0.0,0.44223339624893543,0.2573591149997456,0.2233974137501854,0.07701007499991415
2.0e7,40.0,1.0,1.0,2.0,1.0,0.2,0.01,0.001,0.025,0.0,0.0,1.0,0.7304890080283885,0.08277552179024879,0.1341188911600616,0.05261657902130116,0.1893129698864127,0.0715207531325305,0.11147010581939126,0.04639523535412269,40.0,0.0,0.5012353193758156,0.0,0.4987646806241844,0.1293724016942883,0.0,0.1293724016942883,-0.002470638751631176,0.5174896067771532,0.4948762235040275,0.14021591243381695,0.20145947516820578,0.12598111011371615,0.09815250099295222,0.10330697417525357,0.4948762235040275,0.14021591243381695,0.49491384911297326,0.14074689214343283,0.49484047917552887,0.14063984583227185,-3.762560894582183e-5,0.0,0.0,0.0,0.0,0.0,0.0,0.0,0.7191613012451282,0.08149259499987822,0.14859686999958202,0.05074923375009933
2.0e7,40.0,1.0,1.0,2.0,1.0,0.2,0.01,0.001,0.025,1.0,1.0,1.0,0.4255924346893092,0.3127770006790555,0.16798957400057923,0.09364099063105606,0.13408819454195273,0.10025923161263345,0.07248060993152075,0.03879882851843252,40.0,0.0,0.5,0.0,0.5,0.0,0.0,0.0,0.0,0.0,1.0256410256410253,4.93038093154136e-32,0.33588052703085386,0.053928272807655296,0.1274610443077198,0.2084194827231341,1.0256410256410253,4.93038093154136e-32,0.0,0.0,2.0,0.0,1.0256410256410253,0.0,0.0,0.0,0.0,0.0,0.0,0.0,0.39927140624950946,0.32985565374973586,0.1676249287497972,0.10324801124961153
2.0e7,40.0,1.0,1.0,2.0,1.0,0.2,0.01,0.001,0.025,0.0,0.0,1.0,0.624913836115898,0.14268169485101698,0.1948362877868729,0.037568181246212154,0.22635791792300686,0.11661796143454876,0.15110708826219868,0.03224511758222019,40.0,0.0,0.49896532644637076,0.0,0.5010346735536293,0.12903291997141128,0.0,0.12903291997141128,0.002069347107258499,0.5161316798856451,0.4962708375291131,0.14235918391337166,0.2623914429369426,0.13978963113203577,0.1278386494861719,0.13455279345077073,0.4962708375291132,0.14235918391337166,0.4962945890947451,0.14287446014471133,0.4962482735417626,0.14281093682557836,-2.375156563203187e-5,0.0,0.0,0.0,0.0,0.0,0.0,0.0,0.6171958162470732,0.13343860874979263,0.20332929374973874,0.04603628125016009
2.0e7,40.0,1.0,1.0,2.0,1.0,0.2,0.01,0.001,0.025,1.0,1.0,1.0,0.5033416470365751,0.2744462722529849,0.14092546439302975,0.08128661631741019,0.14469266999168476,0.11383254116334293,0.06035421988227631,0.03384958817530426,40.0,0.0,0.5,0.0,0.5,0.0,0.0,0.0,0.0,0.0,1.0256410256410253,4.93038093154136e-32,0.29068428986939127,0.05456893527308919,0.10825716752559898,0.18242712234379233,1.0256410256410253,4.93038093154136e-32,0.0,0.0,2.0,0.0,1.0256410256410253,0.0,0.0,0.0,0.0,0.0,0.0,0.0,0.5198265987482747,0.26387707750000394,0.1353864787498005,0.08090984499987967
2.0e7,40.0,1.0,1.0,2.0,1.0,0.2,0.01,0.001,0.025,0.0,0.0,1.0,0.6881878826006732,0.11240805208844155,0.15101860549896634,0.0483854598119189,0.20618546995118195,0.09450892835981724,0.12299550654000203,0.04205855433622515,40.0,0.0,0.5043884025339777,0.0,0.49561159746602235,0.1293685550471299,0.0,0.1293685550471299,-0.008776805067955275,0.5174742201885196,0.4948192576952264,0.14127623721025911,0.22314796986784785,0.13040058377745914,0.10871593445167886,0.11443203541616896,0.4948192576952264,0.1412762372102591,0.4948287964861195,0.14178589205223993,0.494810195843878,0.14172463919799144,-9.53879089306537e-6,0.0,0.0,0.0,0.0,0.0,0.0,0.0,0.6891204849957666,0.10948152624976595,0.15152343124966078,0.049874557500095555
2.0e7,40.0,1.0,1.0,2.0,1.0,0.2,0.01,0.001,0.025,1.0,1.0,1.0,0.4594269272540596,0.2583466092585217,0.17753523180359826,0.10469123168382045,0.12356815463483184,0.1020394035891819,0.0663544592312894,0.04536949092045496,40.0,0.0,0.5,0.0,0.5,0.0,0.0,0.0,0.0,0.0,1.0256410256410253,4.93038093154136e-32,0.32366818198282177,0.05342004391069981,0.13749493021751816,0.18617325176530364,1.0256410256410253,4.93038093154136e-32,0.0,0.0,2.0,0.0,1.0256410256410253,0.0,0.0,0.0,0.0,0.0,0.0,0.0,0.45970949999899957,0.2678281687501538,0.17540001124975801,0.09706231999993327
2.0e7,40.0,1.0,1.0,2.0,1.0,0.2,0.01,0.001,0.025,0.0,0.0,1.0,0.713254793708067,0.07865990396333868,0.14141840186564433,0.06666690046294997,0.19668428668399604,0.06816944340084609,0.11657085794020242,0.05813565798991448,40.0,0.0,0.5067645787908568,0.0,0.4932354212091432,0.12990595988096232,0.0,0.1299059598809623,-0.013529157581713469,0.5196238395238493,0.49250579614284035,0.14116265048640458,0.2201057763402774,0.13681546344843787,0.10722524924247191,0.11288052709780547,0.49250579614284046,0.14116265048640456,0.49250906591323906,0.14166392285937682,0.4925026898609617,0.14161715238755632,-3.269770398639165e-6,0.0,0.0,0.0,0.0,0.0,0.0,0.0,0.7173413162453527,0.07708012374979384,0.13881806374962263,0.06676049624986193
2.0e7,40.0,1.0,1.0,2.0,1.0,0.2,0.01,0.001,0.025,1.0,1.0,1.0,0.4438748670069519,0.253315555371358,0.18643701047572164,0.1163725671459685,0.12958560753539985,0.09728144084196873,0.07691063263133352,0.05341913316210292,40.0,0.0,0.5,0.0,0.5,0.0,0.0,0.0,0.0,0.0,1.0256410256410253,4.93038093154136e-32,0.3371062673117601,0.0618111552945779,0.14752261473877212,0.18958365257298795,1.0256410256410253,4.93038093154136e-32,0.0,0.0,2.0,0.0,1.0256410256410253,0.0,0.0,0.0,0.0,0.0,0.0,0.0,0.45646469374865406,0.24229941499991975,0.18848237499964215,0.11275351624978405
2.0e7,40.0,1.0,1.0,2.0,1.0,0.2,0.01,0.001,0.025,0.0,0.0,1.0,0.7260148541102859,0.07473134029270331,0.14152214908210284,0.05773165651490797,0.19107590552246653,0.06523843014834656,0.11650074419954314,0.050737114505047774,40.0,0.0,0.5058724218959766,0.0,0.4941275781040236,0.131085341256382,0.0,0.13108534125638205,-0.01174484379195312,0.5243413650255281,0.4877135617936911,0.1405816170602947,0.2101009888975234,0.1320569331770949,0.10235593786769007,0.10774505102983334,0.4877135617936911,0.1405816170602947,0.48770527641403444,0.1410676482261508,0.4877214329043648,0.14103298319281335,8.285379656663991e-6,0.0,0.0,0.0,0.0,0.0,0.0,0.0,0.6886121812458068,0.07588733624984824,0.17321187249954673,0.06228861000005006
2.0e7,40.0,1.0,1.0,2.0,1.0,0.2,0.01,0.001,0.025,1.0,1.0,1.0,0.38288742317292096,0.2679164170601991,0.21534755748069126,0.13384860228618875,0.12200502282306847,0.1024439477805029,0.08270167767462423,0.05495795883045318,40.0,0.0,0.5,0.0,0.5,0.0,0.0,0.0,0.0,0.0,1.0256410256410253,4.93038093154136e-32,0.3761545500070834,0.059250084538816264,0.17012119250751215,0.20603335749957125,1.0256410256410253,4.93038093154136e-32,0.0,0.0,2.0,0.0,1.0256410256410253,0.0,0.0,0.0,0.0,0.0,0.0,0.0,0.37516072124977673,0.27958998374993366,0.20598523374989272,0.1392640612497476
2.0e7,40.0,1.0,1.0,2.0,1.0,0.2,0.01,0.001,0.025,0.0,0.0,1.0,0.6912169657657241,0.11853333508148138,0.13577817579010135,0.054471523362693154,0.20533788209007614,0.09964745783278617,0.1124356322743505,0.04790402197076164,40.0,0.0,0.503223888709784,0.0,0.49677611129021604,0.12861659772156508,0.0,0.12861659772156508,-0.006447777419567921,0.5144663908862603,0.4979405783195405,0.14149503047726314,0.21833055272095223,0.12806521392298262,0.10636800783710498,0.1119625448838472,0.4979405783195405,0.14149503047726314,0.49790327760186476,0.14196961544930842,0.49797601400133257,0.14199395084156072,3.730071767582985e-5,0.0,0.0,0.0,0.0,0.0,0.0,0.0,0.6942059637459541,0.12349757374984713,0.12982698749975508,0.05246947500013416
2.0e7,40.0,1.0,1.0,2.0,1.0,0.2,0.01,0.001,0.025,1.0,1.0,1.0,0.3967372224034877,0.25959708696682854,0.23353063424829812,0.11013505638138575,0.12819482004565316,0.08719983171524537,0.08715537567111219,0.04748262427227282,40.0,0.0,0.5,0.0,0.5,0.0,0.0,0.0,0.0,0.0,1.0256410256410253,4.93038093154136e-32,0.3570330880351988,0.05771167531361031,0.1674268749221537,0.1896062131130451,1.0256410256410253,4.93038093154136e-32,0.0,0.0,2.0,0.0,1.0256410256410253,0.0,0.0,0.0,0.0,0.0,0.0,0.0,0.39394507374906,0.25964093750020795,0.2202366049999549,0.12617738374986212
2.0e7,40.0,1.0,1.0,2.0,1.0,0.2,0.01,0.001,0.025,0.0,0.0,1.0,0.7005111291382705,0.12525720554126638,0.13280750512180528,0.04142416019865777,0.20165138482337844,0.10442066037308366,0.10993699077705314,0.03608070062733809,40.0,0.0,0.49630828770509516,0.0,0.5036917122949048,0.12779049018318558,0.0,0.12779049018318558,0.00738342458980974,0.5111619607327423,0.5013164643143275,0.14185010608736637,0.20460752025684717,0.1187243922905297,0.09968390838650652,0.10492361187034065,0.5013164643143275,0.14185010608736637,0.5012406461299056,0.14231569182818135,0.5013884915895284,0.14237261298544313,7.581818442186049e-5,0.0,0.0,0.0,0.0,0.0,0.0,0.0,0.7032101049954896,0.1247506049996382,0.13142970499959106,0.0406095850001058
2.0e7,40.0,1.0,1.0,2.0,1.0,0.2,0.01,0.001,0.025,1.0,1.0,1.0,0.47237703347905363,0.24967410557366082,0.1967629932353893,0.08118586771189623,0.12107918115735894,0.09718196920948362,0.08699130307134598,0.035867764517691754,40.0,0.0,0.5,0.0,0.5,0.0,0.0,0.0,0.0,0.0,1.0256410256410253,4.93038093154136e-32,0.3050827924882779,0.04737478228595979,0.13541099707118395,0.16967179541709396,1.0256410256410253,4.93038093154136e-32,0.0,0.0,2.0,0.0,1.0256410256410253,0.0,0.0,0.0,0.0,0.0,0.0,0.0,0.4825760262484084,0.23561660500007187,0.20061407749984783,0.0811932912499057
