generations,N,M,K,P,b,c,β,u,v,p1,p2,ϵ,DD_mean,DC_mean,CD_mean,CC_mean,DD_var,DC_var,CD_var,CC_var,set_1_mean,set_2_mean,set_3_mean,set_4_mean,set_1_var,set_2_var,set_3_var,set_4_var,opinion_-40_mean,opinion_-39_mean,opinion_-38_mean,opinion_-37_mean,opinion_-36_mean,opinion_-35_mean,opinion_-34_mean,opinion_-33_mean,opinion_-32_mean,opinion_-31_mean,opinion_-30_mean,opinion_-29_mean,opinion_-28_mean,opinion_-27_mean,opinion_-26_mean,opinion_-25_mean,opinion_-24_mean,opinion_-23_mean,opinion_-22_mean,opinion_-21_mean,opinion_-20_mean,opinion_-19_mean,opinion_-18_mean,opinion_-17_mean,opinion_-16_mean,opinion_-15_mean,opinion_-14_mean,opinion_-13_mean,opinion_-12_mean,opinion_-11_mean,opinion_-10_mean,opinion_-9_mean,opinion_-8_mean,opinion_-7_mean,opinion_-6_mean,opinion_-5_mean,opinion_-4_mean,opinion_-3_mean,opinion_-2_mean,opinion_-1_mean,opinion_0_mean,opinion_1_mean,opinion_2_mean,opinion_3_mean,opinion_4_mean,opinion_5_mean,opinion_6_mean,opinion_7_mean,opinion_8_mean,opinion_9_mean,opinion_10_mean,opinion_11_mean,opinion_12_mean,opinion_13_mean,opinion_14_mean,opinion_15_mean,opinion_16_mean,opinion_17_mean,opinion_18_mean,opinion_19_mean,opinion_20_mean,opinion_21_mean,opinion_22_mean,opinion_23_mean,opinion_24_mean,opinion_25_mean,opinion_26_mean,opinion_27_mean,opinion_28_mean,opinion_29_mean,opinion_30_mean,opinion_31_mean,opinion_32_mean,opinion_33_mean,opinion_34_mean,opinion_35_mean,opinion_36_mean,opinion_37_mean,opinion_38_mean,opinion_39_mean,opinion_40_mean,opinion_-40_var,opinion_-39_var,opinion_-38_var,opinion_-37_var,opinion_-36_var,opinion_-35_var,opinion_-34_var,opinion_-33_var,opinion_-32_var,opinion_-31_var,opinion_-30_var,opinion_-29_var,opinion_-28_var,opinion_-27_var,opinion_-26_var,opinion_-25_var,opinion_-24_var,opinion_-23_var,opinion_-22_var,opinion_-21_var,opinion_-20_var,opinion_-19_var,opinion_-18_var,opinion_-17_var,opinion_-16_var,opinion_-15_var,opinion_-14_var,opinion_-13_var,opinion_-12_var,opinion_-11_var,opinion_-10_var,opinion_-9_var,opinion_-8_var,opinion_-7_var,opinion_-6_var,opinion_-5_var,opinion_-4_var,opinion_-3_var,opinion_-2_var,opinion_-1_var,opinion_0_var,opinion_1_var,opinion_2_var,opinion_3_var,opinion_4_var,opinion_5_var,opinion_6_var,opinion_7_var,opinion_8_var,opinion_9_var,opinion_10_var,opinion_11_var,opinion_12_var,opinion_13_var,opinion_14_var,opinion_15_var,opinion_16_var,opinion_17_var,opinion_18_var,opinion_19_var,opinion_20_var,opinion_21_var,opinion_22_var,opinion_23_var,opinion_24_var,opinion_25_var,opinion_26_var,opinion_27_var,opinion_28_var,opinion_29_var,opinion_30_var,opinion_31_var,opinion_32_var,opinion_33_var,opinion_34_var,opinion_35_var,opinion_36_var,opinion_37_var,opinion_38_var,opinion_39_var,opinion_40_var,total_means_mean,total_means_var,total_vars_mean,total_vars_var,total_cooperation_mean,total_cooperation_var,party_cooperation_mean,enemy_cooperation_var,cityblock_ind_mean,cityblock_ind_var,cityblock_party_mean,cityblock_party_var,cityblock_enemy_mean,cityblock_enemy_var,cityblock_ind-party_mean,hamming_ind_mean,hamming_ind_var,hamming_party_mean,hamming_party_var,hamming_enemy_mean,hamming_enemy_var,hamming_ind-party_mean,DD_mean_final,DC_mean_final,CD_mean_final,CC_mean_final
2.0e7,40.0,4.0,1.0,2.0,1.0,0.2,0.001,0.001,0.001,0.0,0.0,1.0,0.28410820921621066,0.3081297648261242,0.20137160686824407,0.20639041908942116,0.19619045020776485,0.20596590153825553,0.1547953834514389,0.15762569538881505,11.224019320887816,11.013359499257806,9.880065839996343,7.882555339858037,312.2760851188588,308.35997046821404,287.2494610742429,243.51678241770446,0.0,0.0,0.0,0.0,0.0,0.0,0.0,0.0,0.0,0.0,0.0,0.0,0.0,0.11256765069068606,0.0,0.0,0.0,0.0,0.0,0.0,0.0,0.0,0.0,0.0,0.0,0.0,0.0,0.0,0.0,0.0,0.0,0.12142007519888469,0.0,0.0,0.0,0.0,0.0,0.09469592946133726,0.0,0.10899623700020905,0.0,0.08806764649624187,0.0,0.1523057165385713,0.0,0.0,0.0,0.0,0.0,0.15391391228256043,0.0,0.0,0.0,0.0,0.0,0.0,0.0,0.0,0.0,0.0,0.0,0.0,0.0,0.0,0.0,0.0,0.0,0.16803283233150929,0.0,0.0,0.0,0.0,0.0,0.0,0.0,0.0,0.0,0.0,0.0,0.0,0.0,0.0,0.0,0.0,0.0,0.0,0.0,0.0,0.0,0.0,0.0,0.0,0.0,0.0,0.0964810318209532,0.0,0.0,0.0,0.0,0.0,0.0,0.0,0.0,0.0,0.0,0.0,0.0,0.0,0.0,0.0,0.0,0.0,0.10281954233215082,0.0,0.0,0.0,0.0,0.0,0.0820082856188802,0.0,0.09357224344450649,0.0,0.07694919105000685,0.0,0.12476717693483726,0.0,0.0,0.0,0.0,0.0,0.1260220729911823,0.0,0.0,0.0,0.0,0.0,0.0,0.0,0.0,0.0,0.0,0.0,0.0,0.0,0.0,0.0,0.0,0.0,0.13557333027337126,0.0,0.0,0.0,0.0,0.0,0.0,0.0,0.0,0.0,0.0,0.0,0.0,0.0,0.12464021529776581,0.9493874005896827,0.03597689116367699,0.023957007790885446,0.40880756258536366,0.23113237238334128,0.19916222655426946,0.20964533603109428,0.06290850448229106,0.041216724487816214,0.06291044153421524,0.041268560644409875,0.0629066642829631,0.041271546099499,-1.9370519241744004e-6,0.05330088208157493,0.03501724856881699,0.05329676312094006,0.035052684008907244,0.05330479509417805,0.03507278547461207,4.118960634866982e-6,0.3010255599999255,0.2919709975000589,0.19133009999976724,0.21567334249989153
2.0e7,40.0,4.0,1.0,2.0,1.0,0.2,0.001,0.001,0.001,0.25,0.25,1.0,0.27223884876450843,0.2501124333270871,0.200627676354018,0.2770210415543866,0.19148456718926457,0.18140111242819076,0.1541491111959838,0.1933467762241419,7.980969889946118,13.766073457440363,9.075303829149787,9.177652823463733,246.77848185489125,349.9158593696459,271.2198960552226,273.1051527503399,0.0,0.0,0.0,0.0,0.0,0.0,0.0,0.0,0.0,0.0,0.0,0.0,0.0,0.10246354569646969,0.0,0.0,0.0,0.0,0.0,0.0,0.0,0.0,0.0,0.0,0.0,0.0,0.0,0.0,0.0,0.0,0.0,0.19200353516647028,0.0,0.0,0.0,0.0,0.0,0.11856232813542623,0.0,0.14415580865801064,0.0,0.08528551192858268,0.0,0.10832026759331848,0.0,0.0,0.0,0.0,0.0,0.15214830126953882,0.0,0.0,0.0,0.0,0.0,0.0,0.0,0.0,0.0,0.0,0.0,0.0,0.0,0.0,0.0,0.0,0.0,0.09706070155218326,0.0,0.0,0.0,0.0,0.0,0.0,0.0,0.0,0.0,0.0,0.0,0.0,0.0,0.0,0.0,0.0,0.0,0.0,0.0,0.0,0.0,0.0,0.0,0.0,0.0,0.0,0.08876395111587539,0.0,0.0,0.0,0.0,0.0,0.0,0.0,0.0,0.0,0.0,0.0,0.0,0.0,0.0,0.0,0.0,0.0,0.15049356317855814,0.0,0.0,0.0,0.0,0.0,0.10113920443421723,0.0,0.11950957639788298,0.0,0.07478847452321191,0.0,0.09295271567805186,0.0,0.0,0.0,0.0,0.0,0.12500573046112112,0.0,0.0,0.0,0.0,0.0,0.0,0.0,0.0,0.0,0.0,0.0,0.0,0.0,0.0,0.0,0.0,0.0,0.0843142777116547,0.0,0.0,0.0,0.0,0.0,0.0,0.0,0.0,0.0,0.0,0.0,0.0,0.0,-0.1143704353127536,0.9536554990496714,0.03411687944364915,0.022463470416624796,0.47792859319759484,0.2399824992910895,0.23287495879892275,0.2450536343986721,0.060007610626357816,0.03900580784607426,0.05977751276089842,0.03875044285239583,0.06022620359854425,0.03937888929442916,0.00023009786545940083,0.050243030257153584,0.03255233956593871,0.05004621476351439,0.032333586698067476,0.05043000497611084,0.032869008915154686,0.0001968154936392057,0.2969258450000386,0.25905011999970917,0.19017596499984002,0.25384807000014686
2.0e7,40.0,4.0,1.0,2.0,1.0,0.2,0.001,0.001,0.001,0.5,0.5,1.0,0.31457036307942426,0.2921252282152651,0.18372790784844956,0.20957650085686105,0.20754185492460622,0.19903507768811543,0.14332007237035693,0.15875786225818797,7.8584885078617495,11.69287301706261,10.664182296434317,9.784456178641323,243.12751632981357,320.42931001111134,302.2925341859288,285.62219035849307,0.0,0.0,0.0,0.0,0.0,0.0,0.0,0.0,0.0,0.0,0.0,0.0,0.0,0.11140442019975444,0.0,0.0,0.0,0.0,0.0,0.0,0.0,0.0,0.0,0.0,0.0,0.0,0.0,0.0,0.0,0.0,0.0,0.20916659532407805,0.0,0.0,0.0,0.0,0.0,0.11626342826314288,0.0,0.10167304574038635,0.0,0.14293835872564675,0.0,0.15034112914771505,0.0,0.0,0.0,0.0,0.0,0.08315523010248722,0.0,0.0,0.0,0.0,0.0,0.0,0.0,0.0,0.0,0.0,0.0,0.0,0.0,0.0,0.0,0.0,0.0,0.08505779249678931,0.0,0.0,0.0,0.0,0.0,0.0,0.0,0.0,0.0,0.0,0.0,0.0,0.0,0.0,0.0,0.0,0.0,0.0,0.0,0.0,0.0,0.0,0.0,0.0,0.0,0.0,0.09561524672740405,0.0,0.0,0.0,0.0,0.0,0.0,0.0,0.0,0.0,0.0,0.0,0.0,0.0,0.0,0.0,0.0,0.0,0.16070261210188533,0.0,0.0,0.0,0.0,0.0,0.09907043619893521,0.0,0.08773642227196174,0.0,0.11854714877529753,0.0,0.12375753706839807,0.0,0.0,0.0,0.0,0.0,0.07302921270439174,0.0,0.0,0.0,0.0,0.0,0.0,0.0,0.0,0.0,0.0,0.0,0.0,0.0,0.0,0.0,0.0,0.0,0.07434418028363823,0.0,0.0,0.0,0.0,0.0,0.0,0.0,0.0,0.0,0.0,0.0,0.0,0.0,-0.0770149790547234,0.9586180023939055,0.03635973729625391,0.02393012540444108,0.3943759484022872,0.22746106287491724,0.192223426518196,0.20215252188409114,0.0615335340458578,0.04001028914914373,0.06072554516437031,0.03896174029572722,0.06230112348327092,0.0412442410762539,0.0008079888814874977,0.0520372119238586,0.03386940216060042,0.05135530562645963,0.03297999865325121,0.052685022906387616,0.03491494008909165,0.0006819062973989682,0.3105215899997385,0.2918645237500906,0.19436139124978982,0.2032524949998579
2.0e7,40.0,4.0,1.0,2.0,1.0,0.2,0.001,0.001,0.001,0.75,0.75,1.0,0.28368680090628884,0.2702691016517166,0.21514716582515747,0.23089693161683714,0.1948987475761,0.19004417641207483,0.1619445196047187,0.1703021912997412,7.007429444031698,11.51801747122125,13.51108608271744,7.963467002029611,222.97081580335833,317.55253305126826,346.3859798904298,246.008905117763,0.0,0.0,0.0,0.0,0.0,0.0,0.0,0.0,0.0,0.0,0.0,0.0,0.0,0.10492042750442071,0.0,0.0,0.0,0.0,0.0,0.0,0.0,0.0,0.0,0.0,0.0,0.0,0.0,0.0,0.0,0.0,0.0,0.15372815951510224,0.0,0.0,0.0,0.0,0.0,0.22145324464148639,0.0,0.0972848557063969,0.0,0.10180181934434337,0.0,0.1163239074264496,0.0,0.0,0.0,0.0,0.0,0.13422227726542904,0.0,0.0,0.0,0.0,0.0,0.0,0.0,0.0,0.0,0.0,0.0,0.0,0.0,0.0,0.0,0.0,0.0,0.07026530859637174,0.0,0.0,0.0,0.0,0.0,0.0,0.0,0.0,0.0,0.0,0.0,0.0,0.0,0.0,0.0,0.0,0.0,0.0,0.0,0.0,0.0,0.0,0.0,0.0,0.0,0.0,0.0907758440446065,0.0,0.0,0.0,0.0,0.0,0.0,0.0,0.0,0.0,0.0,0.0,0.0,0.0,0.0,0.0,0.0,0.0,0.1266737889161355,0.0,0.0,0.0,0.0,0.0,0.1673062294146168,0.0,0.08445666924105537,0.0,0.08817137358575883,0.0,0.09901879322597325,0.0,0.0,0.0,0.0,0.0,0.11221613147231453,0.0,0.0,0.0,0.0,0.0,0.0,0.0,0.0,0.0,0.0,0.0,0.0,0.0,0.0,0.0,0.0,0.0,0.06229720957106701,0.0,0.0,0.0,0.0,0.0,0.0,0.0,0.0,0.0,0.0,0.0,0.0,0.0,-0.15477337473481248,0.9428571814201532,0.03403904967589325,0.022512280434355544,0.44686866324130264,0.23584431861844105,0.21800215762962155,0.22886650561168098,0.05967135523193325,0.03885771958226635,0.0575362143474033,0.03602904042898823,0.06169973907223672,0.04216975054387025,0.0021351408845299608,0.050444591499517,0.03278196302004803,0.04865666103954223,0.03042089612708683,0.052143125436493035,0.03554858548533051,0.0017879304599747738,0.2821437662502208,0.27920570999977007,0.20900812124979326,0.22964240249981052
2.0e7,40.0,4.0,1.0,2.0,1.0,0.2,0.001,0.001,0.001,1.0,1.0,1.0,0.26445818114121217,0.2544300178094434,0.2414768476957307,0.23963495335361373,0.0835325279656413,0.08646148601750663,0.08354790024576243,0.08677788545482744,8.678711406738255,10.911006560499635,10.433563587024246,9.976718445737864,135.47999080077173,152.62079627839702,158.6975621055635,138.79619708031214,0.0,0.0,0.0,0.0,0.0,0.0,0.0,0.0,0.0,0.0,0.0,0.0,0.0,0.09359600174466658,0.0,0.0,0.0,0.0,0.0,0.0,0.0,0.0,0.0,0.0,0.0,0.0,0.0,0.0,0.0,0.0,0.0,0.1462462210418766,0.0,0.0,0.0,0.0,0.0,0.1283692428683754,0.0,0.13178853434508142,0.0,0.11762942679836516,0.0,0.1324698468072307,0.0,0.0,0.0,0.0,0.0,0.12652894297061426,0.0,0.0,0.0,0.0,0.0,0.0,0.0,0.0,0.0,0.0,0.0,0.0,0.0,0.0,0.0,0.0,0.0,0.1233717834237898,0.0,0.0,0.0,0.0,0.0,0.0,0.0,0.0,0.0,0.0,0.0,0.0,0.0,0.0,0.0,0.0,0.0,0.0,0.0,0.0,0.0,0.0,0.0,0.0,0.0,0.0,0.037306299463789515,0.0,0.0,0.0,0.0,0.0,0.0,0.0,0.0,0.0,0.0,0.0,0.0,0.0,0.0,0.0,0.0,0.0,0.050864291052472956,0.0,0.0,0.0,0.0,0.0,0.04687211691714103,0.0,0.047766328680829855,0.0,0.044172667043494596,0.0,0.04792434103835436,0.0,0.0,0.0,0.0,0.0,0.04646288736798496,0.0,0.0,0.0,0.0,0.0,0.0,0.0,0.0,0.0,0.0,0.0,0.0,0.0,0.0,0.0,0.0,0.0,0.04570870634118923,0.0,0.0,0.0,0.0,0.0,0.0,0.0,0.0,0.0,0.0,0.0,0.0,0.0,0.0,0.0,1.0256410256410253,4.93038093154136e-32,0.49205661961940983,0.09980990200378598,0.42462280071993563,0.06743381889947421,1.0385891707906298,0.0022283540244737512,0.026577771622872334,0.00938871598677167,2.0,0.0,1.0120113991677575,0.7841554235298268,0.1910884950538755,0.026577771622872334,0.00938871598677167,1.5038541928414337,0.7196676168258821,0.7575776519069544,0.26545465625008,0.26007081125002884,0.24917399124983405,0.22530054124998813
2.0e7,40.0,4.0,1.0,2.0,1.0,0.2,0.001,0.001,0.025,0.0,0.0,1.0,0.19723136126492438,0.2597100786272179,0.26716530321303866,0.27589325689481903,0.15211148984746212,0.1850088013469818,0.18853895023117956,0.19301121143235322,10.053283774817569,9.880013839999231,9.86594861855841,10.200753766624791,159.06418661696125,156.3318649317196,157.83458961502413,161.34246647850247,0.0,0.0,0.0,0.0,0.0,0.0,0.0,0.0,0.0,0.0,0.0,0.0,0.0,0.12696614155743657,0.0,0.0,0.0,0.0,0.0,0.0,0.0,0.0,0.0,0.0,0.0,0.0,0.0,0.0,0.0,0.0,0.0,0.11947977530667916,0.0,0.0,0.0,0.0,0.0,0.12292559178191156,0.0,0.1281270817707177,0.0,0.1268917623949021,0.0,0.12372312368204866,0.0,0.0,0.0,0.0,0.0,0.1275205706933016,0.0,0.0,0.0,0.0,0.0,0.0,0.0,0.0,0.0,0.0,0.0,0.0,0.0,0.0,0.0,0.0,0.0,0.12436595281300261,0.0,0.0,0.0,0.0,0.0,0.0,0.0,0.0,0.0,0.0,0.0,0.0,0.0,0.0,0.0,0.0,0.0,0.0,0.0,0.0,0.0,0.0,0.0,0.0,0.0,0.0,0.05836950095382802,0.0,0.0,0.0,0.0,0.0,0.0,0.0,0.0,0.0,0.0,0.0,0.0,0.0,0.0,0.0,0.0,0.0,0.054355222048197864,0.0,0.0,0.0,0.0,0.0,0.05618719530252789,0.0,0.058706113616000435,0.0,0.05838674765845353,0.0,0.057555783996500305,0.0,0.0,0.0,0.0,0.0,0.05834247620219377,0.0,0.0,0.0,0.0,0.0,0.0,0.0,0.0,0.0,0.0,0.0,0.0,0.0,0.0,0.0,0.0,0.0,0.0565392332619201,0.0,0.0,0.0,0.0,0.0,0.0,0.0,0.0,0.0,0.0,0.0,0.0,0.0,0.005002819166510045,0.521035205271219,0.4912203030518635,0.13811513541820267,0.5470922551152229,0.20403227797432058,0.2665395338093312,0.28055272130589165,0.8543535744732345,0.18497861967857734,0.8543365803146343,0.1856043901954762,0.8543697189239045,0.18558152217629859,1.699415860004045e-5,0.7248095127242578,0.17445936260295958,0.7248052322476625,0.17506837403391468,0.7248135791770234,0.17500158653755257,4.280476595305737e-6,0.20025195999973996,0.2423495287497664,0.28954611000005803,0.26785240125019644
2.0e7,40.0,4.0,1.0,2.0,1.0,0.2,0.001,0.001,0.025,0.25,0.25,1.0,0.28173705657016357,0.2301816399899089,0.29724932237503765,0.1908319810648899,0.1945551301565266,0.16978989779302334,0.2018885121055165,0.14809238367413588,10.440719197737822,9.991032500498195,9.790871344951592,9.777376956812391,164.41207257795458,156.03742986172603,154.63791731431908,154.5039353667774,0.0,0.0,0.0,0.0,0.0,0.0,0.0,0.0,0.0,0.0,0.0,0.0,0.0,0.12940675947740224,0.0,0.0,0.0,0.0,0.0,0.0,0.0,0.0,0.0,0.0,0.0,0.0,0.0,0.0,0.0,0.0,0.0,0.12282230012098334,0.0,0.0,0.0,0.0,0.0,0.12305735010792498,0.0,0.12384292506428193,0.0,0.12059149885602785,0.0,0.12171443351586479,0.0,0.0,0.0,0.0,0.0,0.1269535123914715,0.0,0.0,0.0,0.0,0.0,0.0,0.0,0.0,0.0,0.0,0.0,0.0,0.0,0.0,0.0,0.0,0.0,0.1316112204660433,0.0,0.0,0.0,0.0,0.0,0.0,0.0,0.0,0.0,0.0,0.0,0.0,0.0,0.0,0.0,0.0,0.0,0.0,0.0,0.0,0.0,0.0,0.0,0.0,0.0,0.0,0.05975378404621835,0.0,0.0,0.0,0.0,0.0,0.0,0.0,0.0,0.0,0.0,0.0,0.0,0.0,0.0,0.0,0.0,0.0,0.05606198005352902,0.0,0.0,0.0,0.0,0.0,0.05619163277785382,0.0,0.056326011246963195,0.0,0.05464418181797277,0.0,0.05548046602450083,0.0,0.0,0.0,0.0,0.0,0.05781286292106879,0.0,0.0,0.0,0.0,0.0,0.0,0.0,0.0,0.0,0.0,0.0,0.0,0.0,0.0,0.0,0.0,0.0,0.06087785228235446,0.0,0.0,0.0,0.0,0.0,0.0,0.0,0.0,0.0,0.0,0.0,0.0,0.0,0.0017413304588149744,0.5227870201291759,0.4894461299310554,0.1377856939210446,0.4833670657574388,0.20616886339169627,0.23622187448491852,0.24714519127252033,0.8569112314536496,0.18458299640108303,0.853387765162668,0.1837419583562757,0.8602585244300819,0.18699284901511531,0.0035234662909815182,0.7309244489942258,0.17450626945175302,0.7279365642374422,0.17372238281508878,0.73376293951317,0.17677257221182244,0.002987884756783432,0.2742783212500443,0.23628886125001675,0.2992596412500872,0.19017317624988683
2.0e7,40.0,4.0,1.0,2.0,1.0,0.2,0.001,0.001,0.025,0.5,0.5,1.0,0.18991652278241541,0.25316401232422153,0.2472480570973302,0.3096714077960329,0.14766543320377598,0.18223132162962266,0.1788786215667841,0.2064093485882686,10.148888658395075,10.019084221161988,9.742590014300555,10.089437106142382,160.87308316616978,159.63598468137127,155.29048031780331,161.0464082258227,0.0,0.0,0.0,0.0,0.0,0.0,0.0,0.0,0.0,0.0,0.0,0.0,0.0,0.1268941221169932,0.0,0.0,0.0,0.0,0.0,0.0,0.0,0.0,0.0,0.0,0.0,0.0,0.0,0.0,0.0,0.0,0.0,0.1281722151015436,0.0,0.0,0.0,0.0,0.0,0.12054172246990431,0.0,0.12882254145430325,0.0,0.12341338619925633,0.0,0.12302302788760956,0.0,0.0,0.0,0.0,0.0,0.12230489042750611,0.0,0.0,0.0,0.0,0.0,0.0,0.0,0.0,0.0,0.0,0.0,0.0,0.0,0.0,0.0,0.0,0.0,0.12682809434288367,0.0,0.0,0.0,0.0,0.0,0.0,0.0,0.0,0.0,0.0,0.0,0.0,0.0,0.0,0.0,0.0,0.0,0.0,0.0,0.0,0.0,0.0,0.0,0.0,0.0,0.0,0.05930342410676215,0.0,0.0,0.0,0.0,0.0,0.0,0.0,0.0,0.0,0.0,0.0,0.0,0.0,0.0,0.0,0.0,0.0,0.05964007041884603,0.0,0.0,0.0,0.0,0.0,0.0549964718853604,0.0,0.05983945373157391,0.0,0.05612714397595188,0.0,0.05638468317827192,0.0,0.0,0.0,0.0,0.0,0.05596325891871093,0.0,0.0,0.0,0.0,0.0,0.0,0.0,0.0,0.0,0.0,0.0,0.0,0.0,0.0,0.0,0.0,0.0,0.05798666730699897,0.0,0.0,0.0,0.0,0.0,0.0,0.0,0.0,0.0,0.0,0.0,0.0,0.0,-0.008861202285488763,0.5201343197841377,0.49208942380129983,0.13776023166377283,0.5616005206869027,0.20526570111320988,0.27589441255688557,0.2857061081300171,0.8506537067300648,0.18414067779505325,0.8403437398639444,0.18045713239408434,0.8604481752528792,0.19020649561254266,0.01030996686612045,0.7218683180158626,0.17381686690978337,0.7132773986775715,0.17036654885554173,0.7300296913872394,0.17946687509481038,0.008590919338291257,0.20924547749975306,0.2502879137499816,0.23983840624993155,0.30062820249964906
2.0e7,40.0,4.0,1.0,2.0,1.0,0.2,0.001,0.001,0.025,0.75,0.75,1.0,0.24610135854992454,0.24124247270875152,0.2799244511153083,0.2327317176260157,0.1784649731634438,0.17621781404481557,0.19491233293958787,0.1717218836989527,9.725978237445654,10.239351986702667,9.930545114969716,10.104124660881963,153.4693194028084,160.13726240105655,155.8823126853441,157.62303983217166,0.0,0.0,0.0,0.0,0.0,0.0,0.0,0.0,0.0,0.0,0.0,0.0,0.0,0.12594947216947378,0.0,0.0,0.0,0.0,0.0,0.0,0.0,0.0,0.0,0.0,0.0,0.0,0.0,0.0,0.0,0.0,0.0,0.12716717071293496,0.0,0.0,0.0,0.0,0.0,0.12724769987512777,0.0,0.12377702784572067,0.0,0.1288260886763284,0.0,0.12101592799911512,0.0,0.0,0.0,0.0,0.0,0.12881662895463172,0.0,0.0,0.0,0.0,0.0,0.0,0.0,0.0,0.0,0.0,0.0,0.0,0.0,0.0,0.0,0.0,0.0,0.11719998376666758,0.0,0.0,0.0,0.0,0.0,0.0,0.0,0.0,0.0,0.0,0.0,0.0,0.0,0.0,0.0,0.0,0.0,0.0,0.0,0.0,0.0,0.0,0.0,0.0,0.0,0.0,0.05756156884977153,0.0,0.0,0.0,0.0,0.0,0.0,0.0,0.0,0.0,0.0,0.0,0.0,0.0,0.0,0.0,0.0,0.0,0.05838875958611785,0.0,0.0,0.0,0.0,0.0,0.05708610638665734,0.0,0.0560284114223601,0.0,0.058843274516849814,0.0,0.05557321633607661,0.0,0.0,0.0,0.0,0.0,0.058902600321780074,0.0,0.0,0.0,0.0,0.0,0.0,0.0,0.0,0.0,0.0,0.0,0.0,0.0,0.0,0.0,0.0,0.0,0.0530621332850464,0.0,0.0,0.0,0.0,0.0,0.0,0.0,0.0,0.0,0.0,0.0,0.0,0.0,-0.008282741206514378,0.5148550535554058,0.4975142269187252,0.13707644255650725,0.5128013691278156,0.2075285069625863,0.25643546436702647,0.25636590476078913,0.8603813127423487,0.18394448596202795,0.8300456959916134,0.17197001289200858,0.8892001486555474,0.20207659755029123,0.030335616750735338,0.7342821247336141,0.173644152261773,0.7087887848918512,0.16230457069381443,0.758500797583289,0.19074205646837775,0.02549333984176302,0.24865485750022173,0.24964976624972354,0.27650803125045914,0.22518734499996496
2.0e7,40.0,4.0,1.0,2.0,1.0,0.2,0.001,0.001,0.025,1.0,1.0,1.0,0.2595262022485443,0.2668989365611702,0.2436463336863148,0.2299285275039707,0.10275696639623379,0.10478015179529186,0.08563254314435384,0.07827304197640425,9.795867622451798,10.046636775186846,9.95118694715628,10.206308655205074,107.53508680345482,104.85696189996823,104.10975000796192,106.15249862531174,0.0,0.0,0.0,0.0,0.0,0.0,0.0,0.0,0.0,0.0,0.0,0.0,0.0,0.12116691826850454,0.0,0.0,0.0,0.0,0.0,0.0,0.0,0.0,0.0,0.0,0.0,0.0,0.0,0.0,0.0,0.0,0.0,0.121995777944679,0.0,0.0,0.0,0.0,0.0,0.12543304858705287,0.0,0.1314042551997636,0.0,0.12375346118036326,0.0,0.12334662509185416,0.0,0.0,0.0,0.0,0.0,0.12917014143499214,0.0,0.0,0.0,0.0,0.0,0.0,0.0,0.0,0.0,0.0,0.0,0.0,0.0,0.0,0.0,0.0,0.0,0.12372977229279045,0.0,0.0,0.0,0.0,0.0,0.0,0.0,0.0,0.0,0.0,0.0,0.0,0.0,0.0,0.0,0.0,0.0,0.0,0.0,0.0,0.0,0.0,0.0,0.0,0.0,0.0,0.03151790161556787,0.0,0.0,0.0,0.0,0.0,0.0,0.0,0.0,0.0,0.0,0.0,0.0,0.0,0.0,0.0,0.0,0.0,0.031646649510452034,0.0,0.0,0.0,0.0,0.0,0.03257092680918861,0.0,0.03374712606861326,0.0,0.032109864960329255,0.0,0.03212118433737235,0.0,0.0,0.0,0.0,0.0,0.03348764422500159,0.0,0.0,0.0,0.0,0.0,0.0,0.0,0.0,0.0,0.0,0.0,0.0,0.0,0.0,0.0,0.0,0.0,0.03237677034092665,0.0,0.0,0.0,0.0,0.0,0.0,0.0,0.0,0.0,0.0,0.0,0.0,0.0,0.0,0.0,1.0256410256410253,4.93038093154136e-32,0.4812339132187584,0.0932976146655776,0.37271242919879066,0.1085214840199677,1.2622230473978648,0.023375781032802582,0.48561572886930154,0.09848909404679423,2.0,0.0,0.7766073185285632,0.996483250195375,0.12097915690178504,0.48561572886930154,0.09848909404679423,1.4818073954551445,0.36893920969093164,0.5108675213260734,0.25050848125012093,0.2675123000000248,0.24562556749992973,0.2363536512499298
0.0,0.0,0.0,0.0,0.0,0.0,0.0,0.0,0.0,0.0,0.0,0.0,0.0,0.0,0.0,0.0,0.0,0.0,0.0,0.0,0.0,0.0,0.0,0.0,0.0,0.0,0.0,0.0,0.0,0.0,0.0,0.0,0.0,0.0,0.0,0.0,0.0,0.0,0.0,0.0,0.0,0.0,0.0,0.0,0.0,0.0,0.0,0.0,0.0,0.0,0.0,0.0,0.0,0.0,0.0,0.0,0.0,0.0,0.0,0.0,0.0,0.0,0.0,0.0,0.0,0.0,0.0,0.0,0.0,0.0,0.0,0.0,0.0,0.0,0.0,0.0,0.0,0.0,0.0,0.0,0.0,0.0,0.0,0.0,0.0,0.0,0.0,0.0,0.0,0.0,0.0,0.0,0.0,0.0,0.0,0.0,0.0,0.0,0.0,0.0,0.0,0.0,0.0,0.0,0.0,0.0,0.0,0.0,0.0,0.0,0.0,0.0,0.0,0.0,0.0,0.0,0.0,0.0,0.0,0.0,0.0,0.0,0.0,0.0,0.0,0.0,0.0,0.0,0.0,0.0,0.0,0.0,0.0,0.0,0.0,0.0,0.0,0.0,0.0,0.0,0.0,0.0,0.0,0.0,0.0,0.0,0.0,0.0,0.0,0.0,0.0,0.0,0.0,0.0,0.0,0.0,0.0,0.0,0.0,0.0,0.0,0.0,0.0,0.0,0.0,0.0,0.0,0.0,0.0,0.0,0.0,0.0,0.0,0.0,0.0,0.0,0.0,0.0,0.0,0.0,0.0,0.0,0.0,0.0,0.0,0.0,0.0,0.0,0.0,0.0,0.0,0.0,0.0,0.0,0.0,0.0,0.0,0.0,0.0,0.0,0.0,0.0,0.0,0.0,0.0,0.0,0.0,0.0,0.0,0.0,0.0,0.0,0.0,0.0,0.0,0.0,0.0
2.0e7,40.0,4.0,1.0,2.0,1.0,0.2,0.001,0.001,0.1,0.25,0.25,1.0,0.2666368337979537,0.20117739437903367,0.2547295483483584,0.27745622347465426,0.18823864057219122,0.15457282471462144,0.18269446362812225,0.19318334297285186,9.992247389319589,10.036513831304788,10.010592666078185,9.960646113297438,62.686930730357645,63.93259812893825,63.5299875731969,63.60955093818203,0.0,0.0,0.0,0.0,0.0,0.0,0.0,0.0,0.0,0.0,0.0,0.0,0.0,0.1246583180745379,0.0,0.0,0.0,0.0,0.0,0.0,0.0,0.0,0.0,0.0,0.0,0.0,0.0,0.0,0.0,0.0,0.0,0.12581627495465136,0.0,0.0,0.0,0.0,0.0,0.12489287361706258,0.0,0.12337490425694976,0.0,0.1256412485754862,0.0,0.12537194303489202,0.0,0.0,0.0,0.0,0.0,0.1250965708279683,0.0,0.0,0.0,0.0,0.0,0.0,0.0,0.0,0.0,0.0,0.0,0.0,0.0,0.0,0.0,0.0,0.0,0.12514786665845185,0.0,0.0,0.0,0.0,0.0,0.0,0.0,0.0,0.0,0.0,0.0,0.0,0.0,0.0,0.0,0.0,0.0,0.0,0.0,0.0,0.0,0.0,0.0,0.0,0.0,0.0,0.022747701968733103,0.0,0.0,0.0,0.0,0.0,0.0,0.0,0.0,0.0,0.0,0.0,0.0,0.0,0.0,0.0,0.0,0.0,0.02312738265349473,0.0,0.0,0.0,0.0,0.0,0.02307170668365966,0.0,0.022681424792845867,0.0,0.023319584668297148,0.0,0.02287685002642666,0.0,0.0,0.0,0.0,0.0,0.023335555569908,0.0,0.0,0.0,0.0,0.0,0.0,0.0,0.0,0.0,0.0,0.0,0.0,0.0,0.0,0.0,0.0,0.0,0.02309758980211677,0.0,0.0,0.0,0.0,0.0,0.0,0.0,0.0,0.0,0.0,0.0,0.0,0.0,0.0025152581935967673,0.20785323833697916,0.8124517401914275,0.05324179473579301,0.5201049658870516,0.16661480504565862,0.2551104595501368,0.2649945063369148,1.4168988674372425,0.04697286450790324,1.4113259502479734,0.04758244237293979,1.422193138767048,0.04836558710041459,0.005572917189268884,1.2131255031169594,0.05468540557467532,1.2084964088847023,0.05536927272488201,1.2175231426376032,0.0562980227925433,0.004629094232256798,0.24888594125015465,0.2077419899997998,0.2649465000000328,0.2784255687497624
2.0e7,40.0,4.0,1.0,2.0,1.0,0.2,0.001,0.001,0.1,0.5,0.5,1.0,0.23790599233855597,0.2866879646284464,0.25810999954944447,0.21729604348355314,0.17471940538722577,0.19722808678775486,0.18468496484809843,0.16386238637708433,10.050225386098589,9.99131072270496,10.05541388581034,9.903050005386111,63.654655799339984,63.85804532978923,63.89016741219992,62.52197636468885,0.0,0.0,0.0,0.0,0.0,0.0,0.0,0.0,0.0,0.0,0.0,0.0,0.0,0.12598814577843634,0.0,0.0,0.0,0.0,0.0,0.0,0.0,0.0,0.0,0.0,0.0,0.0,0.0,0.0,0.0,0.0,0.0,0.12344177508656806,0.0,0.0,0.0,0.0,0.0,0.1262615888188006,0.0,0.12464752501958193,0.0,0.12292872511507084,0.0,0.1251237583264579,0.0,0.0,0.0,0.0,0.0,0.12634099298105594,0.0,0.0,0.0,0.0,0.0,0.0,0.0,0.0,0.0,0.0,0.0,0.0,0.0,0.0,0.0,0.0,0.0,0.1252674888740284,0.0,0.0,0.0,0.0,0.0,0.0,0.0,0.0,0.0,0.0,0.0,0.0,0.0,0.0,0.0,0.0,0.0,0.0,0.0,0.0,0.0,0.0,0.0,0.0,0.0,0.0,0.023134788880366314,0.0,0.0,0.0,0.0,0.0,0.0,0.0,0.0,0.0,0.0,0.0,0.0,0.0,0.0,0.0,0.0,0.0,0.022748200684984267,0.0,0.0,0.0,0.0,0.0,0.023406964365786077,0.0,0.022821940136381277,0.0,0.022279851486779384,0.0,0.022688942253320226,0.0,0.0,0.0,0.0,0.0,0.023538135661335967,0.0,0.0,0.0,0.0,0.0,0.0,0.0,0.0,0.0,0.0,0.0,0.0,0.0,0.0,0.0,0.0,0.0,0.02307245351914274,0.0,0.0,0.0,0.0,0.0,0.0,0.0,0.0,0.0,0.0,0.0,0.0,0.0,-0.0006780694067739227,0.20827926869407626,0.8120208031783314,0.053883716297603385,0.48526281514959096,0.1518234033058444,0.24069046968394947,0.24457234546564155,1.4180460257780698,0.04739042762775971,1.4013862554785415,0.0476675530386393,1.4338728075626217,0.05020379659686075,0.016659770299528434,1.2128975655227847,0.0550359136026572,1.1996733886146362,0.055328204456114284,1.2254605335855258,0.05819211681574926,0.013224176908148515,0.22537584750016834,0.2914509412500519,0.2686655587499596,0.2145076524998685
2.0e7,40.0,4.0,1.0,2.0,1.0,0.2,0.001,0.001,0.1,0.75,0.75,1.0,0.20420929976615,0.20858404813421955,0.28956855752396904,0.2976380945756614,0.15541098151671656,0.15809564546770236,0.19823580920321288,0.2010315955691232,10.01842749897625,9.947542280692096,10.002050277663873,10.031979942667782,63.23884192726261,62.704031020865465,63.47187740747237,63.53130978321014,0.0,0.0,0.0,0.0,0.0,0.0,0.0,0.0,0.0,0.0,0.0,0.0,0.0,0.12664198046433442,0.0,0.0,0.0,0.0,0.0,0.0,0.0,0.0,0.0,0.0,0.0,0.0,0.0,0.0,0.0,0.0,0.0,0.12371940840447732,0.0,0.0,0.0,0.0,0.0,0.12417168615712855,0.0,0.12659992213333768,0.0,0.12419957643335687,0.0,0.12587957078446832,0.0,0.0,0.0,0.0,0.0,0.12496914861282507,0.0,0.0,0.0,0.0,0.0,0.0,0.0,0.0,0.0,0.0,0.0,0.0,0.0,0.0,0.0,0.0,0.0,0.12381870701007182,0.0,0.0,0.0,0.0,0.0,0.0,0.0,0.0,0.0,0.0,0.0,0.0,0.0,0.0,0.0,0.0,0.0,0.0,0.0,0.0,0.0,0.0,0.0,0.0,0.0,0.0,0.02339485028889385,0.0,0.0,0.0,0.0,0.0,0.0,0.0,0.0,0.0,0.0,0.0,0.0,0.0,0.0,0.0,0.0,0.0,0.022547069112852147,0.0,0.0,0.0,0.0,0.0,0.022446511187806256,0.0,0.023299332679580603,0.0,0.022614856648467255,0.0,0.023203825139914352,0.0,0.0,0.0,0.0,0.0,0.022729801513469636,0.0,0.0,0.0,0.0,0.0,0.0,0.0,0.0,0.0,0.0,0.0,0.0,0.0,0.0,0.0,0.0,0.0,0.022429356525961088,0.0,0.0,0.0,0.0,0.0,0.0,0.0,0.0,0.0,0.0,0.0,0.0,0.0,-0.002265994318555871,0.2034830241583519,0.816935233247188,0.05180737012717448,0.5671383085216343,0.15413417483008832,0.29167919074946624,0.27545911777216797,1.4201518245214797,0.04686464852548405,1.3720836424865812,0.046743495964202436,1.4658165974546333,0.05418590863939337,0.04806818203489857,1.2141664559081313,0.05433690643074878,1.1784297120170628,0.05414239100228497,1.2481163626046465,0.06203591995857682,0.03573674389106858,0.20849884249988032,0.2113768237497873,0.29762733374959666,0.28249700000033584
2.0e7,40.0,4.0,1.0,2.0,1.0,0.2,0.001,0.001,0.1,1.0,1.0,1.0,0.2577792245678208,0.23336105786883013,0.26594685328073037,0.24291286428261863,0.08801756699509473,0.09882994937409699,0.0968788138632594,0.09713458076842187,10.031550498247194,9.919295004483612,10.016992721278182,10.032161775991012,54.7149035104495,53.35648003667018,54.7549185251853,54.36559795344097,0.0,0.0,0.0,0.0,0.0,0.0,0.0,0.0,0.0,0.0,0.0,0.0,0.0,0.12544925969726334,0.0,0.0,0.0,0.0,0.0,0.0,0.0,0.0,0.0,0.0,0.0,0.0,0.0,0.0,0.0,0.0,0.0,0.12316563621302022,0.0,0.0,0.0,0.0,0.0,0.12512169721546126,0.0,0.1262634068742552,0.0,0.12454063752552014,0.0,0.12530312081649328,0.0,0.0,0.0,0.0,0.0,0.12481673889907005,0.0,0.0,0.0,0.0,0.0,0.0,0.0,0.0,0.0,0.0,0.0,0.0,0.0,0.0,0.0,0.0,0.0,0.1253395027589165,0.0,0.0,0.0,0.0,0.0,0.0,0.0,0.0,0.0,0.0,0.0,0.0,0.0,0.0,0.0,0.0,0.0,0.0,0.0,0.0,0.0,0.0,0.0,0.0,0.0,0.0,0.016652099172657645,0.0,0.0,0.0,0.0,0.0,0.0,0.0,0.0,0.0,0.0,0.0,0.0,0.0,0.0,0.0,0.0,0.0,0.016478583859310076,0.0,0.0,0.0,0.0,0.0,0.016735275606453593,0.0,0.016799869254370294,0.0,0.016760414298605315,0.0,0.01690570711082106,0.0,0.0,0.0,0.0,0.0,0.016652266415367017,0.0,0.0,0.0,0.0,0.0,0.0,0.0,0.0,0.0,0.0,0.0,0.0,0.0,0.0,0.0,0.0,0.0,0.01687587932120362,0.0,0.0,0.0,0.0,0.0,0.0,0.0,0.0,0.0,0.0,0.0,0.0,0.0,0.0,0.0,1.0256410256410253,4.93038093154136e-32,0.4995132707069174,0.07733440772013189,0.33912748257233033,0.16038578813458707,1.5202754521499393,0.015198437061180832,1.0153022438867174,0.06403552013865942,2.0,0.0,0.5049732082632218,1.2599990771510485,0.04130598243050199,1.0153022438867174,0.06403552013865942,1.492461068752163,0.09669548074859396,0.24469683326433103,0.26628090000013516,0.23373984499996123,0.25140116750008284,0.24857808749983493
