generations,N,M,K,P,b,c,β,u,v,p1,p2,ϵ,DD_mean,DC_mean,CD_mean,CC_mean,DD_var,DC_var,CD_var,CC_var,set_1_mean,set_2_mean,set_1_var,set_2_var,opinion_-4_mean,opinion_-3_mean,opinion_-2_mean,opinion_-1_mean,opinion_0_mean,opinion_1_mean,opinion_2_mean,opinion_3_mean,opinion_4_mean,opinion_-4_var,opinion_-3_var,opinion_-2_var,opinion_-1_var,opinion_0_var,opinion_1_var,opinion_2_var,opinion_3_var,opinion_4_var,total_means_mean,total_means_var,total_vars_mean,total_vars_var,total_cooperation_mean,total_cooperation_var,party_cooperation_mean,enemy_cooperation_var,cityblock_ind_mean,cityblock_ind_var,cityblock_party_mean,cityblock_party_var,cityblock_enemy_mean,cityblock_enemy_var,cityblock_ind-party_mean,hamming_ind_mean,hamming_ind_var,hamming_party_mean,hamming_party_var,hamming_enemy_mean,hamming_enemy_var,hamming_ind-party_mean,DD_mean_final,DC_mean_final,CD_mean_final,CC_mean_final
2.0e7,40.0,2.0,1.0,2.0,1.0,0.2,0.001,0.001,0.001,0.0,0.0,1.0,0.2610182077212107,0.3080269634429465,0.22797228594598412,0.20298254288985873,0.18564578346686778,0.20600613493763933,0.16974029225187565,0.15517394051380481,20.87857061785719,19.12142938214281,385.32947529322206,385.32947529322206,0.0,0.2779010817832732,0.0,0.24926739031847833,0.0,0.228768344235092,0.0,0.2440631836631565,0.0,0.0,0.19364294771707477,0.0,0.18081991970663583,0.0,0.1703541718726036,0.0,0.17799465420982452,0.0,-0.054336944203503115,0.9615188961917087,0.036439644841672156,0.02433550465762913,0.43256818328845903,0.233308239843533,0.21073542811822463,0.22183275517023446,0.05317602168965122,0.03490373626949655,0.05318457160670509,0.03496125690301063,0.05316789926845004,0.03493476581088965,-8.549917053869096e-6,0.0356375891882251,0.023579071703148054,0.03564295474498204,0.02361767773970926,0.03563249190930601,0.02360050381090688,-5.365556756943945e-6,0.27028223875009955,0.3070578987498074,0.2218190125001289,0.20084084999982274
2.0e7,40.0,2.0,1.0,2.0,1.0,0.2,0.001,0.001,0.001,0.25,0.25,1.0,0.24704499183083375,0.33316992037944887,0.21676694073516997,0.2030181470545474,0.17943714119012402,0.21455493673756298,0.16303139586332044,0.15512563919062883,20.7001762388791,19.2998237611209,386.485847707273,386.485847707273,0.0,0.251354381869201,0.0,0.19533638775908957,0.0,0.287159206268933,0.0,0.2661500241027764,0.0,0.0,0.18163814464270606,0.0,0.15127095096271376,0.0,0.19765503303497364,0.0,0.18878542802643403,0.0,0.10661846074341884,0.9515480781971767,0.03803536255928897,0.025237119448310426,0.4220825464826118,0.23104077114541777,0.20565094667675293,0.21643159980585877,0.05337212011180529,0.03457546328784229,0.05315130289510305,0.034331856202792624,0.05358189646767242,0.03492548676420432,0.00022081721670223783,0.03339468461197621,0.02160472762326563,0.033257059848292,0.02145237404761284,0.033525428137476214,0.021823113961312566,0.0001376247636842146,0.24971460875008222,0.3336370487497162,0.2147579374997936,0.20189040499982125
2.0e7,40.0,2.0,1.0,2.0,1.0,0.2,0.001,0.001,0.001,0.5,0.5,1.0,0.31712321015982164,0.2775875179118045,0.19692487239306264,0.20836439953531113,0.20855344051864455,0.19320936652151743,0.15150176247856453,0.15854097056652686,20.32624709298627,19.67375290701373,385.3006801617383,385.3006801617383,0.0,0.2578976773390179,0.0,0.28227663987352,0.0,0.20956718280182318,0.0,0.25025849998563887,0.0,0.0,0.18429052648085023,0.0,0.1953511347800428,0.0,0.15914488518870704,0.0,0.18076460706664266,0.0,-0.08034863442507584,0.9576251871429198,0.036839962055899546,0.024265606912124472,0.4070488731041048,0.22885909673552907,0.19836357015620779,0.208685302947897,0.05684072234075759,0.03722031891377032,0.056135519980775206,0.03632730898165543,0.05751066458274086,0.038283722375502774,0.0007052023599823855,0.03741770276454358,0.024725592077296382,0.0369634622739597,0.02414807198992663,0.03784923123059826,0.02541244412677691,0.00045424049058388077,0.3250403524999144,0.27408172499996136,0.1924970412498045,0.20838088124988327
2.0e7,40.0,2.0,1.0,2.0,1.0,0.2,0.001,0.001,0.001,0.75,0.75,1.0,0.2940581267189929,0.24839468481140642,0.2658851643952686,0.191662024074332,0.19901198653578434,0.1789181975810576,0.18691934664228316,0.1483850184661006,19.570738246070096,20.429261753929904,384.16539600304276,384.16539600304276,0.0,0.2255007930277337,0.0,0.27165425296365264,0.0,0.23907729088459492,0.0,0.2637676631240187,0.0,0.0,0.16823895889382945,0.0,0.19039488319836909,0.0,0.17448106188422985,0.0,0.1866503674832397,0.0,0.005689908017227344,0.9605777867505126,0.040399888781202764,0.0269124901657892,0.45866863098158084,0.23476105276695772,0.2236839199481427,0.23498471103343813,0.05919342890520837,0.0389399835895593,0.05693771525784623,0.03596290478984568,0.06133635687020239,0.04245521782104958,0.0022557136473621378,0.04012912740023367,0.026634031347649124,0.03862781481307462,0.024636589836178478,0.04155537435803476,0.028993854999360854,0.0015013125871590476,0.283954357499482,0.24349552125026439,0.2701534000002567,0.20239672124984023
2.0e7,40.0,2.0,1.0,2.0,1.0,0.2,0.001,0.001,0.001,1.0,1.0,1.0,0.2599701327794371,0.2689492211694877,0.24741987514334027,0.22366077090773492,0.09197938825239352,0.08708465859434358,0.09533848052479867,0.0757565951111721,19.20400498866639,20.79599501133361,212.1542967400649,212.1542967400649,0.0,0.25010508332749537,0.0,0.24989491667250463,0.0,0.2700049586108357,0.0,0.2299950413891644,0.0,0.0,0.061272690485271446,0.0,0.061272690485271446,0.0,0.06099594212957883,0.0,0.06099594212957885,0.0,0.0,0.0,1.0256410256410253,4.93038093154136e-32,0.4761859960983851,0.08186420447693918,0.3352964293003732,0.14088956679801193,1.0352047785285092,0.001698758042602872,0.019630861190098353,0.007157371143487441,2.0,0.0,1.0155739173384108,0.48003104355952886,0.2536488461163032,0.019630861190098353,0.007157371143487441,0.9174112168104879,0.9563002975456698,0.4604001823694305,0.2623868037499079,0.27546423500015216,0.2469762925000877,0.2151726687499336
2.0e7,40.0,2.0,1.0,2.0,1.0,0.2,0.001,0.001,0.001,0.0,0.0,1.0,0.27385828756342845,0.2865871076896051,0.23049488302806206,0.20905972171890436,0.1922668857634731,0.19766128941404168,0.17065628792549717,0.15904781893781608,21.009304499483083,18.990695500516917,385.00914281517333,385.00914281517333,0.0,0.267778451790086,0.0,0.22958359974535558,0.0,0.24518378776756733,0.0,0.2574541606969911,0.0,0.0,0.1894101678843879,0.0,0.1706533925566517,0.0,0.17803889621649904,0.0,0.18432234708243878,0.0,0.005275896929116845,0.9643859972711581,0.03649868842813554,0.02392863079904873,0.440439872568476,0.23453471086721914,0.21457374557344774,0.2258661269950282,0.0548996374058606,0.0356630338311049,0.05488810601498827,0.03569515084462077,0.05491059222718932,0.03572379705347194,1.1531390872338096e-5,0.03582611026037279,0.023290995488297897,0.03582233075840852,0.02331737810391523,0.03582970078723884,0.023325354064620968,3.779501964267017e-6,0.2724670662498184,0.29618413874972055,0.22601961874976614,0.2053291762498234
2.0e7,40.0,2.0,1.0,2.0,1.0,0.2,0.001,0.001,0.001,0.25,0.25,1.0,0.24396343366869816,0.35376195812433564,0.21883261145374377,0.1834419967532224,0.17746806243434773,0.2201553120452845,0.16405446956640632,0.14351430810352594,17.129894215005876,22.870105784994124,377.4580007141928,377.4580007141928,0.0,0.22608404855088618,0.0,0.26926362254090985,0.0,0.30248902208394324,0.0,0.20216330682426073,0.0,0.0,0.16833887813728513,0.0,0.1891361957773743,0.0,0.20391336636594368,0.0,0.15437235937415744,0.0,0.009304657816407892,0.9614892934769987,0.03940941875075879,0.02644273499649933,0.4041998052447847,0.22730509537681579,0.19693456055324526,0.20726524469153948,0.057954325270343755,0.03840867269613483,0.057711979542316924,0.038130044882316,0.05818455371196924,0.038805653655981064,0.00024234572802682726,0.036678238560610685,0.024201102372516128,0.036529864344832096,0.024034992197816497,0.03681919406560033,0.02444078305637894,0.00014837421577858077,0.2517039062501224,0.33183847249977894,0.2368635974997378,0.17959402374971764
2.0e7,40.0,2.0,1.0,2.0,1.0,0.2,0.001,0.001,0.001,0.5,0.5,1.0,0.29519554054469216,0.3099490508361638,0.22025649748575013,0.17459891113339385,0.2006227369944488,0.20639736697223818,0.16505135814098054,0.13768339697493434,21.016271721318237,18.983728278681763,384.9848771755151,384.9848771755151,0.0,0.23383635645353573,0.0,0.20486840389619979,0.0,0.26972480307084423,0.0,0.29157043657942017,0.0,0.0,0.17227295723778827,0.0,0.15673561367690897,0.0,0.18967003326803483,0.0,0.19953923863714632,0.0,0.12259047930052892,0.9483775845221765,0.03753235133367279,0.02487524363073815,0.39643375774513145,0.2260087962076626,0.19319051263879422,0.20324324510633723,0.056137238334256,0.036654761308521765,0.055451327328727436,0.035799538224533606,0.056788853789508126,0.037674751096386426,0.0006859110055285613,0.03585214359225983,0.02350400180060493,0.03540846586912032,0.022943844147041082,0.03627363742924237,0.02417020993788649,0.000443677723139512,0.2991076762501948,0.3138899224998622,0.21028294249991286,0.17671945874973305
2.0e7,40.0,2.0,1.0,2.0,1.0,0.2,0.001,0.001,0.001,0.75,0.75,1.0,0.2765628651909519,0.2851415174921379,0.22437818892343395,0.2139174283934762,0.19193669470920366,0.19609039854085386,0.16672282376763028,0.16099350298865164,23.460448196641767,16.539551803358233,374.2079653353197,374.2079653353197,0.0,0.2685951420224921,0.0,0.22644803047510942,0.0,0.1870407646088464,0.0,0.31791606289355206,0.0,0.0,0.18989582779200898,0.0,0.16869499258262668,0.0,0.14567041452819104,0.0,0.20925401043645067,0.0,0.009913655004796964,0.9626180933278745,0.03823967137984732,0.025333591387530937,0.4404784786219944,0.23246520624377068,0.21473424261900825,0.22574423600298613,0.05540074421562818,0.036102140245872924,0.05334825551574019,0.03337255209027261,0.05735060848052175,0.03932068352418656,0.0020524886998879804,0.0354291121342801,0.02316483479330236,0.034093722959705454,0.02137718327025626,0.03669773185012601,0.02527868905223827,0.001335389174574646,0.28820627125003856,0.2745755037499035,0.22098023999985295,0.21623798499984057
2.0e7,40.0,2.0,1.0,2.0,1.0,0.2,0.001,0.001,0.001,1.0,1.0,1.0,0.2773568957023947,0.2102876466506863,0.22251845569341913,0.28983700195349993,0.10050247639650611,0.07893892265384417,0.07695880367362348,0.09477797558302424,21.307753482902584,18.692246517097416,218.3240815107218,218.3240815107218,0.0,0.27456311530204913,0.0,0.22543688469795084,0.0,0.24186927822948454,0.0,0.25813072177051544,0.0,0.0,0.06067289097202786,0.0,0.06067289097202786,0.0,0.061216868512595536,0.0,0.06121686851259555,0.0,0.0,0.0,1.0256410256410253,4.93038093154136e-32,0.5064487844695664,0.08093096141799477,0.35478252607927135,0.1516662583902951,1.0356545313525258,0.0017802656880062967,0.020554038039395546,0.007500787012347853,2.0,0.0,1.0151004933131305,0.4614505421701265,0.2518309933140881,0.020554038039395546,0.007500787012347853,0.8803022210943211,0.9471630286735162,0.4408965041307309,0.2805899187499139,0.20902910374992362,0.2373379674998613,0.2730430100001075
2.0e7,40.0,2.0,1.0,2.0,1.0,0.2,0.001,0.001,0.0022360679774997894,0.0,0.0,1.0,0.2922047323775148,0.263015696499128,0.2512183013212055,0.19356126980215166,0.1994517540423735,0.18701746455189766,0.18093274494319725,0.14966178073724726,20.22644670964185,19.77355329035815,369.0375220515104,369.0375220515104,0.0,0.2666746810180733,0.0,0.24164158101991218,0.0,0.25269725123904163,0.0,0.23898648672297296,0.0,0.0,0.18011443524055407,0.0,0.16879337675882766,0.0,0.1738026036200715,0.0,0.16738545217133577,0.0,-0.01663252407597088,0.919744496766382,0.08202965484450635,0.0513879859823333,0.44708995659945455,0.23088907516416582,0.21781505095300627,0.22927490564644828,0.12190295334157382,0.07452970628618123,0.12189168387151463,0.07461803947997701,0.12191365933813002,0.07464759504384524,1.1269470059179423e-5,0.07925953932888599,0.049315556010330205,0.0792604894562886,0.049386932398425135,0.07925863670785352,0.049379530280438524,-9.501274026050417e-7,0.27836028375003624,0.26610164999983654,0.25042767499999596,0.20511039124974184
2.0e7,40.0,2.0,1.0,2.0,1.0,0.2,0.001,0.001,0.0022360679774997894,0.25,0.25,1.0,0.2885897811894566,0.26458246168986327,0.19306794482955864,0.25375981229112154,0.19815378030224035,0.18719397204230545,0.14892973376122207,0.1825973857899168,20.523171915379336,19.476828084620664,369.70886563175225,369.70886563175225,0.0,0.24011893249339267,0.0,0.25945001891944336,0.0,0.22747068319607316,0.0,0.2729603653910908,0.0,0.0,0.16858314050645007,0.0,0.17754697838746095,0.0,0.16196025544642775,0.0,0.1830662333973755,0.0,0.0008620971743279405,0.9223626527606431,0.07962733873865213,0.04987019869784789,0.4498664473941629,0.23192709318182048,0.21920922066854506,0.2306572267256179,0.11819844884652492,0.07233092829595524,0.11770848117993817,0.07180918835801074,0.11866391812978233,0.07309081085041468,0.0004899676665867424,0.07696781039637521,0.048021480449423955,0.07665303463038696,0.04768231315127815,0.07726684737406404,0.04851712108186389,0.0003147757659882416,0.2890038312499849,0.298578981250089,0.18196914249967963,0.2304480450000486
2.0e7,40.0,2.0,1.0,2.0,1.0,0.2,0.001,0.001,0.0022360679774997894,0.5,0.5,1.0,0.2781321276037707,0.26934141281436597,0.24063906024227444,0.21188739933958894,0.19339622540112866,0.18886888111845035,0.17605133735059517,0.15974333417353503,19.972613668188128,20.027386331811872,367.86872598878824,367.86872598878824,0.0,0.25423609420910587,0.0,0.2779692915017061,0.0,0.22271536679359075,0.0,0.24507924749559737,0.0,0.0,0.17453569515763243,0.0,0.1853439487241547,0.0,0.15833988885360004,0.0,0.16972348765177853,0.0,-0.06441077142162381,0.9151387371554962,0.08278211919016716,0.051838432410394694,0.45584997210199507,0.23136551848984308,0.22223301769055398,0.23361695441144106,0.12407820934608241,0.07575880282132458,0.12249924319448649,0.07388849998938667,0.12557822719009848,0.07801661426718695,0.0015789661515958984,0.08238601137741533,0.05162694113327544,0.08134734050994306,0.05036650896252297,0.08337274870151397,0.05314727006556445,0.001038670867472252,0.290553167499816,0.25500953124989445,0.24360604750003334,0.2108312537498643
2.0e7,40.0,2.0,1.0,2.0,1.0,0.2,0.001,0.001,0.0022360679774997894,0.75,0.75,1.0,0.2873896243116876,0.24968499723972237,0.23407228699598406,0.22885309145260602,0.19695452414533174,0.18046526341214433,0.17258820148603443,0.16910831271321083,20.005009110832827,19.994990889167173,368.9187633532517,368.9187633532517,0.0,0.25493550528136083,0.0,0.2156570005190555,0.0,0.2842177717101238,0.0,0.24518972248945986,0.0,0.0,0.17606081974459772,0.0,0.15482611099473842,0.0,0.1879122826105352,0.0,0.1709092694234305,0.0,0.0588149883991673,0.9206929448640947,0.07779272146165793,0.048259839800225066,0.4654843903904088,0.23238352527142078,0.22724210153238855,0.23824228885802023,0.11875643086680797,0.07214252593021697,0.11438383282662917,0.0667405715205457,0.12291039900497784,0.07857821947577236,0.004372598040178802,0.0796954667975453,0.04948101610978278,0.076808897487225,0.04584849017511368,0.08243770764234958,0.05379402493667586,0.0028865693103202993,0.2689612874998696,0.2531959887503897,0.24433156249976387,0.2335111612501552
2.0e7,40.0,2.0,1.0,2.0,1.0,0.2,0.001,0.001,0.0022360679774997894,1.0,1.0,1.0,0.3102770869290507,0.23394376478090195,0.22012753777069233,0.23565161051935501,0.09795272262421838,0.0866566700740444,0.08072694546467171,0.08158415186759638,19.540558192191213,20.459441807808787,214.01702860239928,214.01702860239928,0.0,0.24876804312399758,0.0,0.25123195687600236,0.0,0.2602540883192173,0.0,0.23974591168078271,0.0,0.0,0.06010999544189359,0.0,0.060109995441893584,0.0,0.05998899102801135,0.0,0.059988991028011335,0.0,0.0,0.0,1.0256410256410253,4.93038093154136e-32,0.46565526700136906,0.09213862317730838,0.31971646912977625,0.14593879787159278,1.0453101791066994,0.003319431234494079,0.04037352553480414,0.013985747666663405,2.0,0.0,1.0049366535718953,0.4763381961863394,0.2447738127939701,0.04037352553480414,0.013985747666663405,0.890504633305298,0.91276762761188,0.4359646706515354,0.30381743874989364,0.24395551749986735,0.2128320987501901,0.23939494499988226
2.0e7,40.0,2.0,1.0,2.0,1.0,0.2,0.001,0.001,0.0022360679774997894,0.0,0.0,1.0,0.3390624422743088,0.2777408331810648,0.1647400047366664,0.21845671980796003,0.21620102253268436,0.19365083915250064,0.13128014106773708,0.16389325430139431,20.0392984422612,19.9607015577388,370.0688859656833,370.0688859656833,0.0,0.22150883908284227,0.0,0.26396506589082963,0.0,0.23505247305264038,0.0,0.27947362197368764,0.0,0.0,0.1588868681836623,0.0,0.1796040968543857,0.0,0.16535586253685633,0.0,0.18698351608032462,0.0,0.02905219005265611,0.9224294589562538,0.07869391030048077,0.04883588946820967,0.3859061626712518,0.22212162310657377,0.18800868790123515,0.1978974747700166,0.11706831272697409,0.07163203667891747,0.11704120519361724,0.07169347869907389,0.11709406488366307,0.07176866170035272,2.710753335682483e-5,0.07674253904136892,0.0474159779904823,0.07673332614639417,0.04746451257332039,0.07675129129159493,0.04749873396891936,9.212894974752901e-6,0.3252091762497185,0.27371967875000724,0.17488620249969505,0.22618494250015178
2.0e7,40.0,2.0,1.0,2.0,1.0,0.2,0.001,0.001,0.0022360679774997894,0.25,0.25,1.0,0.3117395882366895,0.26411643116019823,0.21506260194096657,0.20908137866214566,0.20758931122704305,0.18769091695050646,0.16274387655183006,0.15913524505006854,20.516168082435108,19.483831917564892,368.153603940318,368.153603940318,0.0,0.27267749318458373,0.0,0.2826022940220948,0.0,0.20449350391702759,0.0,0.24022670887629397,0.0,0.0,0.1831892321770705,0.0,0.18623636019183523,0.0,0.14896532845614813,0.0,0.16780452291419368,0.0,-0.11055957441335698,0.9069076455209031,0.08294254909578432,0.05203694383316393,0.42768355850702616,0.22976765555657044,0.20840190344612755,0.21928165506089864,0.12320216965116153,0.07565113008544759,0.12264251453155622,0.07505539174881865,0.12373384201478657,0.07650451679803408,0.0005596551196053059,0.08097432570085655,0.050475257017171954,0.08062707797685824,0.050104313938840066,0.08130421103865496,0.05101604186680549,0.0003472477239983091,0.3352571312496244,0.25240288250025744,0.208936969999845,0.20340301624977947
2.0e7,40.0,2.0,1.0,2.0,1.0,0.2,0.001,0.001,0.0022360679774997894,0.5,0.5,1.0,0.30880187728878455,0.3070453204419266,0.18854713952515892,0.19560566274412985,0.2060439118824447,0.2056240148807241,0.14677394920187894,0.15108735712539778,20.028745387291924,19.971254612708076,370.19732575821905,370.19732575821905,0.0,0.23337527314581819,0.0,0.24613176688156854,0.0,0.2531495984361334,0.0,0.2673433615364799,0.0,0.0,0.1641604600388915,0.0,0.17071936329948792,0.0,0.1728940779805289,0.0,0.1802863231064042,0.0,0.04098591994522668,0.9138974492729184,0.08658744191323328,0.05441258250451779,0.3890134512345935,0.22025036983146123,0.18962259748831226,0.19939085374628132,0.12582103973358896,0.0771276003705109,0.12422622526228572,0.07524711287167171,0.12733611348132703,0.07939605754155474,0.0015948144713032306,0.0764150474641213,0.04770144618722916,0.0754756651051531,0.04656107865738045,0.07730746070514108,0.04907265674840955,0.0009393823589681872,0.3136572512500123,0.29646451624974046,0.19283155249960218,0.19704667999979136
2.0e7,40.0,2.0,1.0,2.0,1.0,0.2,0.001,0.001,0.0022360679774997894,0.75,0.75,1.0,0.2257192541267081,0.26347530202914987,0.2721295807150233,0.23867586312911873,0.1679254920831947,0.1865871471973574,0.19039054590100407,0.17439217263228313,20.493067083718497,19.506932916281503,369.9394252818914,369.9394252818914,0.0,0.28239674681129184,0.0,0.25491228583820635,0.0,0.23276103706883128,0.0,0.22992993028167055,0.0,0.0,0.18774042736968125,0.0,0.17535278264094756,0.0,0.16397674890443656,0.0,0.16244579016106764,0.0,-0.07461806529899637,0.9136012649939317,0.08290351804382165,0.05201001298627029,0.5136212378001571,0.23214473469455638,0.2507082066388281,0.2629130311613289,0.12043204088767866,0.07396702369124906,0.11599824033927905,0.06851838244602886,0.12464415140865824,0.08045093850093966,0.004433800548399595,0.0764550772339772,0.04752313581154803,0.0736593923990396,0.04402182462875119,0.0791109778271679,0.05167962937286563,0.0027956848349375875,0.24621145125006713,0.24791954000005606,0.2705720012499501,0.23529700749988416
2.0e7,40.0,2.0,1.0,2.0,1.0,0.2,0.001,0.001,0.0022360679774997894,1.0,1.0,1.0,0.25090297494983477,0.25307148732936185,0.2806236107986883,0.21540192692211513,0.09669038046952799,0.08916884433311703,0.09401694916649457,0.07206802667557365,18.69021107276605,21.30978892723395,205.76378987078715,205.76378987078715,0.0,0.23349437313920146,0.0,0.2665056268607985,0.0,0.2662390963200502,0.0,0.23376090367994978,0.0,0.0,0.05997872843346343,0.0,0.059978728433463434,0.0,0.05985936736105768,0.0,0.05985936736105768,0.0,0.0,0.0,1.0256410256410253,4.93038093154136e-32,0.49307529967685726,0.08316183837044326,0.35300645726958757,0.14006884240726963,1.0446185308545257,0.0032002395450577152,0.03895382649086929,0.013483557750783328,2.0,0.0,1.0056647043636566,0.49364275519648504,0.24675601870202377,0.03895382649086929,0.013483557750783328,0.9255972374668201,0.921833123064333,0.4546889287056157,0.24929726499993507,0.2586045724998569,0.263893082500219,0.2282050800000416
2.0e7,40.0,2.0,1.0,2.0,1.0,0.2,0.001,0.001,0.005,0.0,0.0,1.0,0.2604129494215028,0.27806487066306274,0.16226389931867227,0.2992582805967622,0.18571326985332134,0.19371962625479683,0.13051593607070128,0.20239318513007404,19.52049335997259,20.47950664002741,339.41840036939584,339.41840036939584,0.0,0.24290169900546113,0.0,0.2790008747777292,0.0,0.232986791222956,0.0,0.24511063499385366,0.0,0.0,0.15581466734935842,0.0,0.17013558251401253,0.0,0.15008277685686153,0.0,0.15625794122656417,0.0,-0.04380514756638068,0.8415546806067493,0.160539974556896,0.08914458468962841,0.47068069102406224,0.22655367953832045,0.22931093197734775,0.24136975904671437,0.2389831290308518,0.12774376608629745,0.2389752232733063,0.12793921733885014,0.23899063950052002,0.12795057431076995,7.905757545498045e-6,0.15474792787012936,0.08589347273752608,0.15474689140295048,0.08603736061917165,0.1547489125139493,0.08601573958979307,1.0364671788870132e-6,0.26143848500012257,0.2686773337501639,0.16070372249977424,0.3091804587497964
2.0e7,40.0,2.0,1.0,2.0,1.0,0.2,0.001,0.001,0.005,0.25,0.25,1.0,0.32575591662467135,0.2146163491879806,0.24599224605598632,0.21363548813136177,0.21207788067335817,0.1612109141301018,0.17869925099770967,0.16114970616142357,19.19528610026188,20.80471389973812,336.7408883369257,336.7408883369257,0.0,0.23794842844730954,0.0,0.2609393077255939,0.0,0.2591785397678589,0.0,0.24193372405923758,0.0,0.0,0.15221157246226366,0.0,0.16331855230372538,0.0,0.16200578096554952,0.0,0.15345070577911055,0.0,0.002224527654192908,0.8433091186986633,0.16070356884980175,0.08878700127434377,0.4619049578505737,0.22584059538541926,0.22514169834422315,0.23676325950635058,0.24328041910550377,0.12777685353597812,0.24224805993358736,0.12688160920126193,0.24426116031882447,0.1291642716450619,0.0010323591719164698,0.16054247669350913,0.08840961410588602,0.15987333000703724,0.08780575345911334,0.16117816604565743,0.08935190178580285,0.0006691466864719093,0.3142207962496652,0.2207866174998152,0.23824970749985544,0.2267428787498652
2.0e7,40.0,2.0,1.0,2.0,1.0,0.2,0.001,0.001,0.005,0.5,0.5,1.0,0.27439469725585014,0.29784613206410376,0.18547648830686175,0.24228268237318434,0.1921546357613453,0.20236467949849035,0.14468625568665863,0.17739951331783804,18.480387139978493,21.519612860021507,335.39523168292254,335.39523168292254,0.0,0.23504779249734487,0.0,0.27723458737585627,0.0,0.26075573412468145,0.0,0.22696188600211745,0.0,0.0,0.15041331564504373,0.0,0.16857081457037115,0.0,0.16246999990617886,0.0,0.14612476072532313,0.0,-0.02456475974640223,0.8358047611561891,0.16778652087795684,0.09207469412539462,0.43647270393769677,0.22280392236365829,0.2129010596473823,0.22357164429031445,0.24781417896758834,0.12989245002611158,0.24477215189862309,0.12686103494935566,0.2507041046831053,0.133672693832401,0.0030420270689652095,0.15973221463026158,0.08783570562226506,0.1577767722287758,0.08578399876979088,0.16158988491167306,0.09038642802693832,0.00195544240148577,0.26332802000003985,0.30126104125020403,0.19239816249980563,0.2430127762498409
2.0e7,40.0,2.0,1.0,2.0,1.0,0.2,0.001,0.001,0.005,0.75,0.75,1.0,0.31255205069155273,0.22781940123225547,0.23113845382564147,0.2284900942505503,0.2072812262577393,0.16941128885819445,0.17115677212559263,0.16955725660255666,19.662473185418158,20.337526814581842,338.83666758755356,338.83666758755356,0.0,0.24234476292529092,0.0,0.292570235134987,0.0,0.21586793522955913,0.0,0.24921706671016297,0.0,0.0,0.15431489105735208,0.0,0.17655254237570608,0.0,0.14109432167311764,0.0,0.157294825973763,0.0,-0.06982999612055577,0.8363376669264572,0.16285759095235605,0.09017380349928979,0.46313266817504134,0.22711461962382856,0.22654666805812926,0.23658600011691205,0.2414502881530467,0.12831336140575902,0.23253695404034466,0.11881670963929358,0.2499179555601136,0.13987877325759837,0.008913334112702013,0.15653699201575116,0.08620675052220406,0.15075688314508545,0.07978523195128005,0.16202809544288357,0.09404068475086827,0.005780108870665718,0.32520455499957573,0.22680471125002244,0.22819266500006155,0.21979806875012683
2.0e7,40.0,2.0,1.0,2.0,1.0,0.2,0.001,0.001,0.005,1.0,1.0,1.0,0.30198594572300297,0.27556293469094806,0.2625406354144091,0.15991048417163978,0.1159657618874217,0.09702593605590502,0.09714891432966577,0.06923611767997158,19.742255514319137,20.257744485680863,192.95919460974375,192.95919460974375,0.0,0.2513070777051623,0.0,0.2486929222948377,0.0,0.2577506898471839,0.0,0.24224931015281606,0.0,0.0,0.05723600425611108,0.0,0.05723600425611108,0.0,0.05712862892161091,0.0,0.05712862892161091,0.0,0.0,0.0,1.0256410256410253,4.93038093154136e-32,0.42868938344043367,0.08595577856969817,0.2928916346065354,0.13579774883389822,1.0690198626897796,0.006877954551959073,0.08904077078428466,0.028978861145511757,2.0,0.0,0.9799790919054948,0.5307035484366973,0.22818333554922487,0.08904077078428466,0.028978861145511757,0.9502831872064896,0.8354074401438907,0.44166277765241274,0.29829975000023173,0.26033460124983415,0.2745227512501397,0.16684289749969253
2.0e7,40.0,2.0,1.0,2.0,1.0,0.2,0.001,0.001,0.005,0.0,0.0,1.0,0.33007577194023485,0.2889417200587933,0.19398934200059212,0.18699316600037966,0.21384168959333505,0.19825026742405935,0.15038503066896253,0.14585885451685202,20.660384741089736,19.339615258910264,335.70825974728535,335.70825974728535,0.0,0.24846941952947668,0.0,0.23393677589240136,0.0,0.24955360558035528,0.0,0.2680401989977667,0.0,0.0,0.15538350857329314,0.0,0.15005100198360088,0.0,0.15643279337089994,0.0,0.16557155335481827,0.0,0.035187609156243936,0.8359573609819693,0.16697899243279102,0.09218343377885774,0.38863906450078084,0.21432276716600618,0.18932998018722544,0.19930908431355537,0.2502054557578166,0.13165218241509338,0.2502263226482453,0.13188932914470733,0.25018563221190937,0.13183575834345776,-2.0866890428670938e-5,0.16373243819720076,0.08989967127621996,0.16375197628278493,0.09007021866605068,0.16371387701589574,0.09001424054452231,-1.9538085584214928e-5,0.3223175262497728,0.27514942625033667,0.21618929499969022,0.18634375249969154
2.0e7,40.0,2.0,1.0,2.0,1.0,0.2,0.001,0.001,0.005,0.25,0.25,1.0,0.19832813620399245,0.2877089201272822,0.2272066012662999,0.28675634240242537,0.1525247592462923,0.19734976198605853,0.1688587195564144,0.19694735531536073,21.265884540784192,18.734115459215808,338.2724004070445,338.2724004070445,0.0,0.25799465927807447,0.0,0.23249777319456819,0.0,0.23585511328582706,0.0,0.2736524542415303,0.0,0.0,0.16260961378753228,0.0,0.15043978551205522,0.0,0.15132136220345,0.0,0.1690895676967169,0.0,0.01901513505471472,0.8439230753132078,0.1597080986771854,0.08799632302458679,0.5196639658329697,0.22546621145367582,0.2532965396895923,0.2663674261433772,0.2367383529447354,0.12488204161879878,0.23575784245789766,0.12404787683486095,0.23766983790723126,0.12619543123320867,0.0009805104868377379,0.1541670633724851,0.08507061284693358,0.1535186297752808,0.08446806679113894,0.15478307528982913,0.08599629420061193,0.0006484335972042827,0.20189332374990493,0.27274830625006335,0.24652047875040178,0.27883789124968944
2.0e7,40.0,2.0,1.0,2.0,1.0,0.2,0.001,0.001,0.005,0.5,0.5,1.0,0.2813698010350111,0.2235859500785583,0.2729792765011513,0.2220649723852793,0.19493206365335358,0.16699720074048632,0.1911148828915921,0.16622131984853342,20.514415082532494,19.485584917467506,338.4116774414951,338.4116774414951,0.0,0.2503214458154753,0.0,0.2519712193349323,0.0,0.23516840360175537,0.0,0.26253893124783717,0.0,0.0,0.15829767816563758,0.0,0.15932399686356213,0.0,0.15108197533328088,0.0,0.16380084293748284,0.0,-0.004585330300814994,0.8426804759948644,0.1613318416069205,0.08885105409686395,0.496607294239101,0.2271108468624353,0.24230023183932678,0.2543070623997741,0.24023456770776622,0.1272069784614997,0.2371529312692816,0.12405207568481859,0.24316212232432655,0.13111282431101717,0.003081636438484587,0.1572403038000401,0.08672549141248242,0.15524886915284059,0.08459035486854652,0.15913216671487965,0.08936691508756962,0.001991434647199501,0.2860905549999236,0.22530115249996452,0.2682838325000598,0.22032445999974967
2.0e7,40.0,2.0,1.0,2.0,1.0,0.2,0.001,0.001,0.005,0.75,0.75,1.0,0.3079266148374103,0.2369675882240229,0.22531341109369937,0.22979238584486744,0.2051930548501176,0.17390201175469894,0.1674878317734809,0.16958876373108245,20.196079544662247,19.803920455337753,338.1932291433624,338.1932291433624,0.0,0.25570411773866014,0.0,0.24396984200167546,0.0,0.2511281693817684,0.0,0.24919787087789605,0.0,0.0,0.15936356647651592,0.0,0.15447774247027288,0.0,0.15848202188655308,0.0,0.15674614599855796,0.0,0.000652080519328851,0.8360047638187506,0.1681998537609768,0.09254414647212911,0.45868587406446626,0.22384132752950464,0.2243735990982459,0.23431227496622029,0.24791741984504365,0.13018271764826486,0.2388494221107046,0.12067246682227845,0.2565320176926657,0.14183209825777005,0.00906799773433901,0.15838036527516489,0.086902701122083,0.15275845116254216,0.08068665483449583,0.16372118368215643,0.09448648994123438,0.005621914112622707,0.30274726374989586,0.23802329499971192,0.23976641249995972,0.2194630287499452
2.0e7,40.0,2.0,1.0,2.0,1.0,0.2,0.001,0.001,0.005,1.0,1.0,1.0,0.2798020247332208,0.2319036093386884,0.22494093750328123,0.2633534284248095,0.09289859166829156,0.08777127291850657,0.07488892029634349,0.09455498229356382,19.69108585049523,20.30891414950477,199.99926565404533,199.99926565404533,0.0,0.2384903548060914,0.0,0.2615096451939086,0.0,0.24621320854371065,0.0,0.25378679145628935,0.0,0.0,0.05734142955320634,0.0,0.05734142955320632,0.0,0.05718503437633658,0.0,0.05718503437633658,0.0,0.0,0.0,1.0256410256410253,4.93038093154136e-32,0.49107435976979413,0.07836028619709004,0.33703091091804976,0.15404344885174445,1.068007100352882,0.006745947084682661,0.08696194282959967,0.028422674559009195,2.0,0.0,0.9810451575232818,0.5125777371929746,0.22909499699285724,0.08696194282959967,0.028422674559009195,0.916912741838181,0.8348564435642906,0.42561579436337493,0.27411277750011775,0.2295605812499513,0.23798455374998678,0.2583420875000209
2.0e7,40.0,2.0,1.0,2.0,1.0,0.2,0.001,0.001,0.011180339887498947,0.0,0.0,1.0,0.28337661897907673,0.23936011725777123,0.2751677819351232,0.20209548182802878,0.19581934287558114,0.1746819274028312,0.19219355750894285,0.15480019614316448,20.16008410221755,19.83991589778245,285.5728515232379,285.5728515232379,0.0,0.25195382628034296,0.0,0.25180544156636436,0.0,0.2441924558781969,0.0,0.25204827627509574,0.0,0.0,0.13372774551404304,0.0,0.13431052961668047,0.0,0.13041342826273286,0.0,0.13357517175156777,0.0,-0.007518535693414685,0.7066338289789973,0.30083044297380734,0.13059914958277943,0.4785553463297437,0.2106575322198127,0.23313130468775595,0.2454240416419878,0.4470321114896691,0.17827717042766175,0.44708475293973593,0.17871301856748495,0.44698210211210543,0.17857098767933227,-5.2641450066926015e-5,0.29333727544137644,0.12753080220995472,0.29336501820486743,0.1278327173480814,0.29331091981606,0.12775152912047372,-2.77427634909714e-5,0.28206790999992404,0.22714538875006038,0.2829575762499088,0.20782912499966275
2.0e7,40.0,2.0,1.0,2.0,1.0,0.2,0.001,0.001,0.011180339887498947,0.25,0.25,1.0,0.2801248983263945,0.2632727187070712,0.2371125715493016,0.2194898114172327,0.19364866246429613,0.18624325492833607,0.17359637101897887,0.16468750018120665,19.615826299120762,20.384173700879238,284.61394228157553,284.61394228157553,0.0,0.2409399616144466,0.0,0.2498306805649622,0.0,0.2597736619570188,0.0,0.24945569586357247,0.0,0.0,0.12774851444989208,0.0,0.13220473848370512,0.0,0.13694370993636523,0.0,0.13118174723993506,0.0,0.01845871564118247,0.7010680794090598,0.30624742087799234,0.13208938196740264,0.46527669296403146,0.20996146478120203,0.22686667057182555,0.23841002239220582,0.4548582267244005,0.1795540081344677,0.45296140290565307,0.17843027352763097,0.45666020935221063,0.18160617990197592,0.0018968238187474567,0.2954832925586205,0.12806217373145384,0.29429416932283853,0.12730158607065215,0.29661295963261336,0.1294762012624679,0.0011891232357819552,0.284339228750136,0.2515231824998789,0.24479895499994742,0.21933863375010804
2.0e7,40.0,2.0,1.0,2.0,1.0,0.2,0.001,0.001,0.011180339887498947,0.5,0.5,1.0,0.2712656057630219,0.280359633035576,0.17650528047192884,0.27186948072947326,0.19076972318779697,0.19450938377657256,0.13923089524168605,0.19100243005688577,20.83835278675818,19.16164721324182,285.4687709547773,285.4687709547773,0.0,0.26877271562373806,0.0,0.22440263058874277,0.0,0.2546385497423028,0.0,0.25218610404521646,0.0,0.0,0.13883674748964275,0.0,0.1211518397469889,0.0,0.13408140823009285,0.0,0.13347843181689353,0.0,0.013649307575038468,0.6990723576423719,0.3084526949720013,0.13289619766950617,0.4636675293010927,0.21277013291707897,0.2264321700405346,0.23723535926055808,0.4541900854509781,0.17807817464405654,0.4485196996436424,0.17402077504229677,0.4595769519679471,0.18356029175118596,0.005670385807335743,0.2918677166911097,0.12695613218191065,0.2882712374937032,0.12403658838158511,0.29528437192864604,0.13085645921176836,0.003596479197406579,0.27441438125000434,0.2921547949995901,0.17373522749976417,0.2596955962501841
2.0e7,40.0,2.0,1.0,2.0,1.0,0.2,0.001,0.001,0.011180339887498947,0.75,0.75,1.0,0.28239515514471364,0.25093136522603526,0.196897346005703,0.26977613362354813,0.19436216556623626,0.17944387217682306,0.15079866739182354,0.18923868719078715,19.996779500178917,20.003220499821083,282.318440795047,282.318440795047,0.0,0.24964429168642824,0.0,0.25612007882666227,0.0,0.24396043366886477,0.0,0.2502751958180447,0.0,0.0,0.1311116012493664,0.0,0.13356980057057455,0.0,0.1278598278726165,0.0,0.13227662214920197,0.0,-0.01152874102618105,0.6946025865951896,0.3130918360248125,0.13325440810224787,0.47559967184893387,0.2133481718135684,0.23356848693346294,0.2420311849154709,0.46176008887657627,0.17967872412480043,0.44498558141892974,0.16686760578072024,0.4776958709613406,0.19639106121824496,0.016774507457646574,0.30174760132741246,0.1291999811264824,0.29076618472351606,0.11979793464393158,0.3121799471011141,0.14141929848037232,0.010981416603896413,0.26940463750002297,0.23518522000001865,0.2079738462498114,0.2874362962501722
2.0e7,40.0,2.0,1.0,2.0,1.0,0.2,0.001,0.001,0.011180339887498947,1.0,1.0,1.0,0.25494259972541117,0.2781829428787254,0.24795383066923163,0.21892062672663185,0.10203577147048609,0.10057031140879015,0.09768537277417058,0.07859637535049423,20.40739464403363,19.59260535596637,174.4204982614588,174.4204982614588,0.0,0.25474073862551455,0.0,0.24525926137448548,0.0,0.2445558725246737,0.0,0.2554441274753263,0.0,0.0,0.051840261576591516,0.0,0.051840261576591516,0.0,0.05164189182160805,0.0,0.05164189182160805,0.0,0.0,0.0,1.0256410256410253,4.93038093154136e-32,0.4820165691645429,0.08246191339147614,0.3191718644639863,0.16284470470055654,1.1137055968169254,0.012185194700642058,0.18076411978211027,0.051339836952012635,2.0,0.0,0.9329414770348153,0.5779834385450795,0.19431667957830648,0.18076411978211027,0.051339836952012635,0.9553417913699004,0.6833939335244862,0.3972193187629693,0.2645811437497655,0.2752303087502007,0.23666587250017215,0.22352267499994183
2.0e7,40.0,2.0,1.0,2.0,1.0,0.2,0.001,0.001,0.011180339887498947,0.0,0.0,1.0,0.2878464895640839,0.23614459799196677,0.26310472010529334,0.21290419233865598,0.19761410773143367,0.17343036261619738,0.18704628425280997,0.16103587580389156,19.99642183353212,20.00357816646788,284.397578696724,284.397578696724,0.0,0.24323856148674655,0.0,0.2485261209152155,0.0,0.2515633332464815,0.0,0.2566719843515564,0.0,0.0,0.1295322342661361,0.0,0.13196120597893388,0.0,0.13290775814180242,0.0,0.13432974285150617,0.0,0.016470635196075823,0.7013470394111664,0.3060325310038907,0.13227740081545555,0.4794115713147952,0.21186638642246303,0.23357588485632833,0.24583568645846687,0.45369074744453114,0.17946810797281712,0.45368773619863456,0.17985608399317135,0.4536936081281329,0.1798252780332379,3.011245896588175e-6,0.29641647256375725,0.1281756096424026,0.2964003276853619,0.12843215121969542,0.2964318101982327,0.12845238523194233,1.6144878395312748e-5,0.28779925875001106,0.23174880250001959,0.26213675499991823,0.21831518374960307
2.0e7,40.0,2.0,1.0,2.0,1.0,0.2,0.001,0.001,0.011180339887498947,0.25,0.25,1.0,0.26291019233832263,0.276922945726503,0.20009630832798286,0.26007055360719145,0.18713051438980569,0.19357460286980527,0.1541082969747055,0.18596258578468827,19.63079035384498,20.36920964615502,284.69772667405744,284.69772667405744,0.0,0.2456094807994733,0.0,0.24266647818519563,0.0,0.26656376296867984,0.0,0.24516027804665122,0.0,0.0,0.13068914910396776,0.0,0.12953378494091508,0.0,0.13913023465774194,0.0,0.13034054715955742,0.0,0.023448082030662114,0.7039524043629827,0.30307468943032356,0.13100915789479897,0.4717644729337018,0.21293510820595074,0.23001249918920944,0.24175197374449228,0.45114969274239597,0.17961729691360698,0.44928023965986974,0.17850134526027486,0.45292567317079596,0.18164865480546658,0.001869453082526263,0.2952973676401748,0.12835948042371348,0.2940975766437019,0.1275845736111151,0.29643716908682394,0.12978777230184557,0.0011997909964728524,0.24748495499990905,0.2804543224999686,0.1978277274996568,0.27423299500001524
2.0e7,40.0,2.0,1.0,2.0,1.0,0.2,0.001,0.001,0.011180339887498947,0.5,0.5,1.0,0.23246768430735087,0.2329312217815988,0.2410028213331766,0.29359827257787374,0.17177753150048763,0.1714520105786675,0.1763956894868178,0.2003639253837361,19.987865611785242,20.012134388214758,286.43468414550335,286.43468414550335,0.0,0.26097268689040626,0.0,0.24196833933509224,0.0,0.25833502037027667,0.0,0.23872395340422484,0.0,0.0,0.13643401211488287,0.0,0.1293544669372689,0.0,0.13621272823017858,0.0,0.12721836493277275,0.0,-0.005882052450997085,0.7026754590959304,0.3049128014364683,0.13091822720560084,0.5387641287014239,0.21171261816608014,0.26320499079205806,0.2755591379093658,0.4521003650542533,0.17681547949577867,0.4464768579442681,0.17278937729123378,0.45744269680873906,0.18224693750558021,0.005623507109985099,0.2911927808311703,0.12617125568699186,0.2876039351915943,0.12326894696238859,0.29460218418876755,0.13005056439951598,0.003588845639576055,0.22615777374993898,0.24042988375034258,0.22913558500012057,0.3042767574994021
2.0e7,40.0,2.0,1.0,2.0,1.0,0.2,0.001,0.001,0.011180339887498947,0.75,0.75,1.0,0.2944906822505176,0.2747426680698518,0.21854469758085013,0.21222195209878045,0.20035476307597122,0.19219124430110746,0.16418399538780665,0.16090326096192978,19.813617343687927,20.186382656312073,282.15933005905174,282.15933005905174,0.0,0.24176731017959388,0.0,0.2626716659626852,0.0,0.2419879004451166,0.0,0.2535731234126043,0.0,0.0,0.12660609555761115,0.0,0.13792573540058728,0.0,0.12651584229882296,0.0,0.13276698164253567,0.0,-0.008877952284558207,0.6946924976532987,0.3130551004143178,0.13303271208714706,0.44155592673561134,0.20866676597994016,0.21678490837214578,0.22477101836346558,0.46334372297663073,0.18078652824697164,0.44633997081737004,0.16773831420756788,0.4794972875279284,0.1977874784621008,0.017003752159260734,0.3020665310817739,0.1296463855755027,0.2911751200809144,0.12032084709027178,0.31241337153259047,0.14175270777641097,0.010891411000859535,0.2913500474995447,0.2750408725003225,0.22237460125008682,0.21123447874987236
2.0e7,40.0,2.0,1.0,2.0,1.0,0.2,0.001,0.001,0.011180339887498947,1.0,1.0,1.0,0.2531617192687934,0.26885440034142216,0.2124609562521691,0.2655229241376153,0.09697274658626555,0.08406692125551604,0.07916030022037733,0.09150918047949776,19.10484054973108,20.89515945026892,175.35471812518813,175.35471812518813,0.0,0.24162380046534443,0.0,0.25837619953465557,0.0,0.2640027867220674,0.0,0.2359972132779326,0.0,0.0,0.05186938351356892,0.0,0.05186938351356893,0.0,0.0511995862239564,0.0,0.0511995862239564,0.0,0.0,0.0,1.0256410256410253,4.93038093154136e-32,0.5021662087088095,0.07900186061704562,0.32347772471850295,0.1786884839903065,1.1145222450621544,0.01237177086994608,0.18244039775915918,0.052125937654260324,2.0,0.0,0.9320818473029953,0.573958926090601,0.19392744082739788,0.18244039775915918,0.052125937654260324,0.9459015280054707,0.6805125288485993,0.39151852833144174,0.25424996375002556,0.2545860849997793,0.22674128249999434,0.2644226687500569
2.0e7,40.0,2.0,1.0,2.0,1.0,0.2,0.001,0.001,0.025,0.0,0.0,1.0,0.2838440522864415,0.18728032848442616,0.29482509195416157,0.2340505272749707,0.19535328009592043,0.14590543376699194,0.20093973553356273,0.1718976873959388,19.68973673945907,20.31026326054093,210.0046760926994,210.0046760926994,0.0,0.24890371811646014,0.0,0.24806889455172806,0.0,0.25968768696179517,0.0,0.24333970037001662,0.0,0.0,0.09622574083957613,0.0,0.09609945909542937,0.0,0.10033013527861631,0.0,0.09583127644804108,0.0,0.00605477466362363,0.5148286892850695,0.49757402976440573,0.1370728148755549,0.5184155227225983,0.1901748164792615,0.25255791585650283,0.2658576068660955,0.7412723447156391,0.17312520336330683,0.7412395073580391,0.17374718172416329,0.7413035402053588,0.17369297540089415,3.283735759990542e-5,0.48692069816252537,0.1370329575913939,0.48693548084276567,0.13753844875753188,0.48690665461629695,0.13745269594713885,-1.4782680240364127e-5,0.298018445000012,0.19124125124974817,0.27059570874999656,0.24014459499980678
2.0e7,40.0,2.0,1.0,2.0,1.0,0.2,0.001,0.001,0.025,0.25,0.25,1.0,0.30643620103132213,0.22507213194043715,0.2385984381334201,0.22989322889482058,0.20562354583481632,0.16771622670670508,0.17491576712283607,0.17051644176104164,19.845746230791875,20.154253769208125,209.70976510669652,209.70976510669652,0.0,0.24234572264745985,0.0,0.25050670830518285,0.0,0.25334963592502024,0.0,0.25379793312233706,0.0,0.0,0.09353621800717773,0.0,0.09706229977445696,0.0,0.09776704917465757,0.0,0.09791697098097468,0.0,0.01429513809471455,0.5117777673488335,0.5005311898565294,0.13638430471474045,0.4715026551807581,0.19148688352670515,0.2300650281269754,0.24143762705378272,0.7459138347711688,0.1726511571012318,0.7428052929435656,0.17189730583084814,0.7488669495073916,0.17491985548262096,0.003108541827603128,0.4878626982526421,0.13632913162716193,0.48588228236326503,0.13570973817092843,0.48974409334755037,0.13812100226733715,0.0019804158893771094,0.30716464750002986,0.2188638199998464,0.23726416749993506,0.23670736500024586
2.0e7,40.0,2.0,1.0,2.0,1.0,0.2,0.001,0.001,0.025,0.5,0.5,1.0,0.22350504452749756,0.25473446084808554,0.3149356741702403,0.20682482045417663,0.16680542128856662,0.18317033112923267,0.20756951923579853,0.15731357192734727,19.806035732998016,20.193964267001984,208.4191804721474,208.4191804721474,0.0,0.2486662361852091,0.0,0.24717747515680696,0.0,0.2576716315182427,0.0,0.24648465713974124,0.0,0.0,0.09573066850454306,0.0,0.09514507113084472,0.0,0.09845502755963419,0.0,0.09531634191249942,0.0,0.008312577315967922,0.5087461524434161,0.5037792583370498,0.13650464691524922,0.5195572565113339,0.1804428703718518,0.25440049782586766,0.26515675868546623,0.7492758053821134,0.17156138178080332,0.7399378185414662,0.16803306463201942,0.7581468928807282,0.1774752718493693,0.009337986840647156,0.4911364332559532,0.13675076062165858,0.4850685388412216,0.1338823299378879,0.49690093294994825,0.1414792165439968,0.006067894414731617,0.23170069999997112,0.2486338862500743,0.3120880737497796,0.20757733999987654
2.0e7,40.0,2.0,1.0,2.0,1.0,0.2,0.001,0.001,0.025,0.75,0.75,1.0,0.2355154924713615,0.23333777314790152,0.27380045978886336,0.25734627459187365,0.17313427451610833,0.1719799741392386,0.19187222683236865,0.18353831231606704,19.753826902565173,20.246173097434827,205.4732413582882,205.4732413582882,0.0,0.24602537383192366,0.0,0.25323091232050493,0.0,0.2529234151153658,0.0,0.24782029873220562,0.0,0.0,0.09284085314455749,0.0,0.09492749478138615,0.0,0.0968509968727551,0.0,0.09350580240906367,0.0,0.0014874276951429065,0.4982513617253954,0.5146117471939344,0.13692831368758368,0.5302488547134181,0.1846540111920995,0.2620356095163004,0.2682132451971177,0.7627391587652035,0.1713003352517233,0.7352996649979717,0.16000265603640648,0.7888066778440734,0.18878874974326418,0.0274394937672316,0.4986312022127965,0.13665622600351518,0.48147881711082596,0.12781610168868934,0.5149259680596685,0.1501789001428826,0.017152385101970515,0.2297421850000829,0.238036108749912,0.27271649124977454,0.25950521499998297
2.0e7,40.0,2.0,1.0,2.0,1.0,0.2,0.001,0.001,0.025,1.0,1.0,1.0,0.206080827439954,0.28837365203479715,0.2448229252876153,0.2607225952376336,0.07622898554948014,0.10286288396298247,0.09055756615982227,0.10995424542414911,19.540629081076162,20.459370918923838,143.06687718045697,143.06687718045697,0.0,0.2465959779668901,0.0,0.2534040220331099,0.0,0.2580802509399861,0.0,0.24191974906001393,0.0,0.0,0.042679919508354355,0.0,0.04267991950835435,0.0,0.042523179436952926,0.0,0.04252317943695293,0.0,0.0,0.0,1.0256410256410253,4.93038093154136e-32,0.5226416591327213,0.07828312614066152,0.3249966232369079,0.1976450358958134,1.1885949865310477,0.017368217038660483,0.3344844460374138,0.07317744630416231,2.0,0.0,0.8541105404936339,0.6582618182732037,0.14254109665053946,0.3344844460374138,0.07317744630416231,0.9658503218972042,0.46395793000957536,0.32377737223579,0.20381405374984235,0.28747848749995636,0.2548855612500299,0.2538218974999706
2.0e7,40.0,2.0,1.0,2.0,1.0,0.2,0.001,0.001,0.025,0.0,0.0,1.0,0.3192050058774997,0.2309419052254497,0.2264377999201222,0.22341528897692836,0.20983575311069888,0.17109344396866366,0.16859809300905265,0.16664992341305604,20.070747551625136,19.929252448374864,208.51585845032767,208.51585845032767,0.0,0.2514025332554148,0.0,0.2551915177671379,0.0,0.24303979344223373,0.0,0.2503661555352136,0.0,0.0,0.0969488101225804,0.0,0.09766186657927617,0.0,0.09433025944559298,0.0,0.09750484572178324,0.0,-0.01318810204510544,0.5122160285381187,0.5001128962900242,0.13739835280486898,0.4559272345509027,0.19182412230865728,0.2221334802293349,0.23379375432156782,0.7455933171251576,0.17340362889872388,0.7455236369445932,0.17401018084034997,0.7456595132966937,0.17399381704774286,6.968018056432803e-5,0.49097217414826955,0.13697345517630272,0.490882325945134,0.13740947707492143,0.4910575299412483,0.137484749608139,8.9848203135593e-5,0.31512826499979835,0.2258444762501166,0.22364215749975624,0.2353851012499534
2.0e7,40.0,2.0,1.0,2.0,1.0,0.2,0.001,0.001,0.025,0.25,0.25,1.0,0.2420073712773683,0.2727550640136076,0.2526414915199171,0.23259607318910702,0.176970353958942,0.1912783759565814,0.1814687099527181,0.1716804388008446,19.741602458799864,20.258397541200136,210.28272181810343,210.28272181810343,0.0,0.24479457667807908,0.0,0.2658303518983138,0.0,0.24062958663168962,0.0,0.2487454847919175,0.0,0.0,0.09584658485125647,0.0,0.10178998695874222,0.0,0.09404709944565118,0.0,0.09677775775400525,0.0,-0.02124985715278571,0.5116054889625664,0.5004543415702004,0.1364056986003899,0.4949758964588923,0.18603909514904463,0.2415166045187443,0.2534592919401479,0.7408646515758954,0.17229603586119613,0.737773159305,0.17149751885854464,0.743801569233246,0.17460309455667306,0.003091492270895505,0.48628338608966953,0.1362546615159049,0.4842488789452377,0.1355958828996513,0.48821616787687955,0.13809355606500195,0.0020345071444317193,0.2564243062497896,0.2863229349999397,0.23771358000009535,0.21953917874989823
2.0e7,40.0,2.0,1.0,2.0,1.0,0.2,0.001,0.001,0.025,0.5,0.5,1.0,0.3157927102337383,0.24525614470799195,0.24011518388248979,0.19883596117577992,0.20735361535906152,0.1777210481273849,0.1756634560298947,0.15243135598576268,19.839764953346393,20.160235046653607,206.57242122839753,206.57242122839753,0.0,0.252247204041822,0.0,0.25163148046491773,0.0,0.25237439570142245,0.0,0.24374691979183782,0.0,0.0,0.09657470267788054,0.0,0.09600001681301137,0.0,0.09595252255723986,0.0,0.09368480551351578,0.0,-0.007757369013479504,0.5037857583615344,0.5088759926692824,0.13779375844601044,0.44401679710671593,0.18541835305652574,0.2173257601944912,0.2266910369122247,0.7543292784631883,0.1723580760474546,0.7448833498456618,0.16876895745245526,0.7633029106498382,0.178352085507022,0.009445928617526385,0.4959023460965934,0.13692147354158501,0.4897784760064589,0.13401518300223295,0.5017200226822209,0.1416939951829194,0.006123870090134377,0.2991469737496867,0.23880033874993933,0.25353201625044786,0.20852067124981524
2.0e7,40.0,2.0,1.0,2.0,1.0,0.2,0.001,0.001,0.025,0.75,0.75,1.0,0.21123172854268177,0.2719982848889842,0.2896514089082551,0.227118577660079,0.15999241552387958,0.19074739085172504,0.19845801728146617,0.16901739794789333,19.933272559262637,20.066727440737363,205.00791144840525,205.00791144840525,0.0,0.24461010168832764,0.0,0.2566270926873837,0.0,0.24504109333105042,0.0,0.25372171229323814,0.0,0.0,0.09376134395985367,0.0,0.09735758966090625,0.0,0.09359687219467139,0.0,0.09641480069711462,0.0,-0.0024743887514228472,0.5055206118444112,0.5071520960414078,0.13631123290362282,0.5200893608688353,0.18103524591585304,0.25705620919915756,0.2630331516696777,0.7564266736458115,0.1716258628888497,0.7290044995582295,0.16009197618240106,0.7824777390290145,0.18935935079924082,0.027422174087582022,0.49996832663993623,0.13586849503924103,0.48257104570511733,0.12691607925614806,0.5164957435280143,0.14957865466367412,0.01739728093481893,0.20512702124998033,0.2544160537502906,0.30329073000029655,0.23716619499964245
2.0e7,40.0,2.0,1.0,2.0,1.0,0.2,0.001,0.001,0.025,1.0,1.0,1.0,0.2496740347403314,0.25261199013266716,0.2418985087834162,0.2558154663435852,0.10246978371192136,0.0940743143474456,0.08845080361419903,0.09813804534932774,20.02256883207951,19.97743116792049,145.3051984811236,145.3051984811236,0.0,0.25093397217033486,0.0,0.2490660278296651,0.0,0.25036975136834716,0.0,0.24963024863165284,0.0,0.0,0.042737099570936576,0.0,0.042737099570936576,0.0,0.04250278519364022,0.0,0.04250278519364022,0.0,0.0,0.0,1.0256410256410253,4.93038093154136e-32,0.5024303017839644,0.08161696615146632,0.31800727949227287,0.18442302229169155,1.1887553269779805,0.01742773540363995,0.33481356590217026,0.07342821481699821,2.0,0.0,0.8539417610758101,0.6530623083056551,0.14349899612890604,0.33481356590217026,0.07342821481699821,0.9553986135889659,0.46306412646414224,0.31824874240348494,0.23524627124970443,0.260821120000072,0.2479356012499599,0.25599700750040927
2.0e7,40.0,2.0,1.0,2.0,1.0,0.2,0.001,0.001,0.055901699437494755,0.0,0.0,1.0,0.29128420603976635,0.24304637955297886,0.24554833496953696,0.2201210794377178,0.19876743388975576,0.17671946386138138,0.17784987715652217,0.16482122623699122,19.999425555587468,20.000574444412532,130.16286433668026,130.16286433668026,0.0,0.2493344778147512,0.0,0.25036463053529834,0.0,0.249649730575015,0.0,0.25065116107493546,0.0,0.0,0.060027175691307444,0.0,0.06077068266956534,0.0,0.05962675404743422,0.0,0.06009105682256426,0.0,0.0006017832999009289,0.31819615507906207,0.699285641492678,0.09254743655032115,0.46970751591649285,0.1600589498451455,0.22881835456982852,0.24088916134666427,1.0450937878081799,0.10414082350613396,1.0451347548024552,0.10496198204751725,1.0450548691636183,0.10490410097409694,-4.09669942752625e-5,0.6918901091400083,0.09401939029373099,0.6919114931394199,0.0947780388370652,0.691869794340567,0.09469513414670754,-2.1383999411785048e-5,0.2713604062498742,0.24845448000029302,0.2558815049997507,0.22430360875009248
2.0e7,40.0,2.0,1.0,2.0,1.0,0.2,0.001,0.001,0.055901699437494755,0.25,0.25,1.0,0.2696450780752735,0.19443611003132724,0.26732735875959124,0.2685914531338082,0.18996551217069818,0.1499268660780856,0.18890502078145882,0.18918113316367102,19.80722906626505,20.19277093373495,130.92240864282024,130.92240864282024,0.0,0.24534501692527688,0.0,0.2511077318829038,0.0,0.2537115414604699,0.0,0.24983570973134947,0.0,0.0,0.05879278529803687,0.0,0.05978674504806298,0.0,0.0604639338342219,0.0,0.0597736785989839,0.0,0.007094502383638758,0.31316981483868783,0.7043896108672438,0.091161632301557,0.5206140994687195,0.16474295157034705,0.254304467703287,0.2663096317654325,1.0485049682454506,0.10224012120918943,1.0441572130438976,0.10233914086646681,1.0526353356869258,0.10421837274015361,0.004347755201552962,0.6898472769173166,0.09417815410469299,0.6870831165070783,0.09424067645997598,0.6924732293070428,0.09595797254201051,0.002764160410238207,0.2662847974998203,0.1854705624997802,0.2828757112497918,0.2653689287500943
2.0e7,40.0,2.0,1.0,2.0,1.0,0.2,0.001,0.001,0.055901699437494755,0.5,0.5,1.0,0.288969364501702,0.2972337376536813,0.2528809873399452,0.16091591050467163,0.1980441459070773,0.20125663220192844,0.1817246102934304,0.1289954397662342,19.962707002071834,20.037292997928166,129.71292912111716,129.71292912111716,0.0,0.24716065293551928,0.0,0.24980902362172094,0.0,0.2511233013264833,0.0,0.2519070221162766,0.0,0.0,0.05874739408002178,0.0,0.05928426779885424,0.0,0.060023777256559815,0.0,0.05983031069700153,0.0,0.006060646885519615,0.31186970175173284,0.705737009367887,0.09120745547981123,0.4313078107136172,0.14584716201282993,0.2114326900653117,0.21987512064830544,1.050464136370226,0.10228336838494581,1.0372856689812056,0.10093828732016139,1.0629836803897956,0.10691780209250365,0.01317846738902052,0.6930402238909278,0.0936465934325144,0.684844185929709,0.09241023708735195,0.7008264599540855,0.0977440182083508,0.008196037961218768,0.279067469999837,0.2998941975001892,0.2485028024999253,0.1725355299996038
2.0e7,40.0,2.0,1.0,2.0,1.0,0.2,0.001,0.001,0.055901699437494755,0.75,0.75,1.0,0.30942794392066975,0.20511586082689662,0.25947352864035955,0.22598266661207406,0.20516266456293503,0.15619130518876806,0.1843683821459476,0.16773535526905364,20.17129410159477,19.82870589840523,127.79314077357319,127.79314077357319,0.0,0.25255713596904794,0.0,0.24875865145785267,0.0,0.246958996002278,0.0,0.2517252165708213,0.0,0.0,0.05885026966638364,0.0,0.058485561102322406,0.0,0.057582723440005416,0.0,0.05886280036372951,0.0,-0.0026315748538013974,0.30661158967451524,0.7111605150494871,0.08967460437035617,0.47498241577648775,0.1623509580818681,0.23641994941998812,0.23856246635649975,1.058868419379105,0.10059040137816029,1.0199119053265315,0.095589452458534,1.0958771077290497,0.11392598050976667,0.03895651405257333,0.6978910888636005,0.09237621518660988,0.6753704519531036,0.0879829938011423,0.7192856939285726,0.1034889300501413,0.022520636910496935,0.3069632100002192,0.2177225512499631,0.24288652749990253,0.23242771124978523
2.0e7,40.0,2.0,1.0,2.0,1.0,0.2,0.001,0.001,0.055901699437494755,1.0,1.0,1.0,0.2644360519757749,0.26798461844529897,0.22757064985718614,0.24000867972174,0.10633321143344165,0.10379334334251887,0.0880076754395002,0.08018811438160689,20.176323990204224,19.823676009795776,101.14921807097345,101.14921807097345,0.0,0.25436253864652564,0.0,0.2456374613534743,0.0,0.24995443889142008,0.0,0.2500455611085799,0.0,0.0,0.03035884436661137,0.0,0.03035884436661137,0.0,0.030546748132518602,0.0,0.030546748132518602,0.0,0.0,0.0,1.0256410256410253,4.93038093154136e-32,0.48573229406189034,0.07062080497881681,0.2783585375062515,0.20737375655563878,1.2885143674472075,0.017485474108889926,0.5395821226547943,0.07367148509590464,2.0,0.0,0.7489322447924132,0.7662043523048865,0.08268976957062758,0.5395821226547943,0.07367148509590464,0.9814954704724739,0.23770833636238617,0.22662222965009207,0.2644365125001216,0.2682819662499589,0.23094629500000793,0.23633522624985334
2.0e7,40.0,2.0,1.0,2.0,1.0,0.2,0.001,0.001,0.055901699437494755,0.0,0.0,1.0,0.2542038344886759,0.2339743467236474,0.24601046549941857,0.26581135328825817,0.1822345581565545,0.17233042415196495,0.17863317885663998,0.18797701897524952,19.887412617365964,20.112587382634036,131.0694644694563,131.0694644694563,0.0,0.24857070424607203,0.0,0.2522025345998592,0.0,0.2506121499659916,0.0,0.24861461118807715,0.0,0.0,0.06041603791214543,0.0,0.06053884568134469,0.0,0.06053663832795387,0.0,0.060015726947733175,0.0,-0.0015464776918623496,0.3191068384066157,0.6983495258751689,0.09261989700046594,0.513889413959612,0.16203520135302898,0.2503834431498476,0.26350597080976446,1.0430432337910454,0.1033660733874368,1.042977135916475,0.10421167441310454,1.0431060267718872,0.10411926333465635,6.609787457051138e-5,0.6895329920344919,0.09434997731344283,0.6894455397676456,0.09507671045134983,0.689616071687996,0.09505991054904306,8.74522668464492e-5,0.25645081624998806,0.23311327374994364,0.2514508762501174,0.25898503374985965
2.0e7,40.0,2.0,1.0,2.0,1.0,0.2,0.001,0.001,0.055901699437494755,0.25,0.25,1.0,0.27373093618161465,0.2191128183826212,0.29760781124401053,0.20954843419175367,0.19123170496304648,0.16441919341706732,0.20154074465486,0.15925893312858722,20.127639492908916,19.872360507091084,131.06453477005596,131.06453477005596,0.0,0.25360421646643244,0.0,0.2501597902689005,0.0,0.24664922240837653,0.0,0.2495867708562905,0.0,0.0,0.06074221094238585,0.0,0.06015460637679078,0.0,0.05994984534446327,0.0,0.05957786101249864,0.0,-0.007528013470665919,0.3170420683155926,0.7004115674985028,0.09234413510703467,0.49239034179385627,0.15680345311883517,0.24051528743231218,0.2518750543615441,1.0452329749799345,0.10288921499207003,1.0409063988970129,0.10300899564838073,1.04934322225871,0.10483605583186346,0.004326576082921512,0.6895363606952735,0.09415804033831654,0.686731525298541,0.09421447896051334,0.6922009543221691,0.09595098387758037,0.0028048353967324215,0.25909952374996575,0.22153052124995384,0.2964507187502745,0.22291923624982815
2.0e7,40.0,2.0,1.0,2.0,1.0,0.2,0.001,0.001,0.055901699437494755,0.5,0.5,1.0,0.3344916244726875,0.22064394746422517,0.2564909510282805,0.18837347703480686,0.21463648190708665,0.1649976382774736,0.18385185425379666,0.1466685991992856,19.99634983353612,20.00365016646388,128.64384784295072,128.64384784295072,0.0,0.24831915981560224,0.0,0.24944591669744906,0.0,0.2506453374641479,0.0,0.2515895860228008,0.0,0.0,0.058981885574728665,0.0,0.05895456695001011,0.0,0.059918531352034225,0.0,0.0594816912716913,0.0,0.00446984697389739,0.31160147060580884,0.7060292996650389,0.09046255469233519,0.4399371689909119,0.15954286367568196,0.21592747299862314,0.22400969599228876,1.0516046411501696,0.10108480413615106,1.0383749469908654,0.09979149709509157,1.0641728506015082,0.10566199012105679,0.013229694159303992,0.6957849896928566,0.09285811638856277,0.6876538427911607,0.09171414638570397,0.7035095792494679,0.09684854622502964,0.008131146901695923,0.31669873749967065,0.23114881250006025,0.2596288087499975,0.192523641249641
2.0e7,40.0,2.0,1.0,2.0,1.0,0.2,0.001,0.001,0.055901699437494755,0.75,0.75,1.0,0.2591925300448594,0.2025155123602493,0.2969963279446485,0.24129562965024282,0.18389839259501314,0.15418945132915834,0.20042592198146045,0.17593512848121615,20.061623607687576,19.938376392312424,128.9343751418757,128.9343751418757,0.0,0.24891190839378285,0.0,0.2500304722205293,0.0,0.24842893758728124,0.0,0.2526286817984066,0.0,0.0,0.05880907973714627,0.0,0.05879864323811039,0.0,0.058948011380813785,0.0,0.06011682583022996,0.0,0.002115238771375625,0.3090621543758026,0.7086496292915448,0.08968079060156231,0.5176994582048127,0.15776135777651004,0.257845398183469,0.25985406002134365,1.0529577228413802,0.10097063492509295,1.014377374347456,0.09594464053060013,1.0896090539106082,0.1142007685889245,0.03858034849392426,0.6950303450054368,0.09338593217137231,0.6726006342707249,0.08892724903110037,0.7163385702034127,0.10447303931998878,0.022429710734711682,0.2727530249999022,0.20041702249981505,0.29862660749988595,0.22820334499984368
2.0e7,40.0,2.0,1.0,2.0,1.0,0.2,0.001,0.001,0.055901699437494755,1.0,1.0,1.0,0.2632093339883704,0.2734274209206988,0.24249652680574849,0.22086671828518228,0.10728170136783444,0.09210596786295754,0.09560161715772857,0.07927593872437237,19.83346423147421,20.16653576852579,101.69509583626073,101.69509583626073,0.0,0.24941911669893793,0.0,0.25058088330106204,0.0,0.25358251091208267,0.0,0.2464174890879173,0.0,0.0,0.030724140491238464,0.0,0.030724140491238464,0.0,0.030586584503740667,0.0,0.030586584503740674,0.0,0.0,0.0,1.0256410256410253,4.93038093154136e-32,0.47803358367601867,0.0679467007398699,0.2761164206879784,0.2019171629880403,1.2868763347746766,0.01763431498151303,0.5362198450638098,0.0742985958085355,2.0,0.0,0.7506564897108667,0.7648132709006872,0.08329982438519005,0.5362198450638098,0.0742985958085355,0.9819770254457209,0.2420256044701698,0.22859342583687742,0.26969439874988826,0.2654656374998479,0.23947444124995879,0.22536552250020866
2.0e7,40.0,2.0,1.0,2.0,1.0,0.2,0.001,0.001,0.125,0.0,0.0,1.0,0.23987790056233887,0.2434844128619771,0.2766362082424329,0.2400014783332512,0.17548700670839318,0.17705629271216614,0.1929274750446609,0.1758539170589256,19.978313890093673,20.021686109906327,70.07535004594435,70.07535004594435,0.0,0.2501656333241315,0.0,0.25059804996677504,0.0,0.24994410278088322,0.0,0.24929221392821033,0.0,0.0,0.03253471881560041,0.0,0.03207611115566182,0.0,0.03255553381994517,0.0,0.03236139903884875,0.0,-0.0015273665818129676,0.17151036270675074,0.8497305784337713,0.0400287785962694,0.5068523171228398,0.13193819785533922,0.24693523467939515,0.2599170824434447,1.2727617542197887,0.03851781833395598,1.2727814953717882,0.039482437613768656,1.2727430001253888,0.039374022665171884,-1.9741151999686227e-5,0.8459594450250452,0.04139112620922174,0.846002281654844,0.04239721617920094,0.8459187502267361,0.04229476676602953,-4.283662979892273e-5,0.24625641500018305,0.2400718249999507,0.27543864499977044,0.23823311500002825
2.0e7,40.0,2.0,1.0,2.0,1.0,0.2,0.001,0.001,0.125,0.25,0.25,1.0,0.30353276508151306,0.21445394225255876,0.25469640946131056,0.2273168832046176,0.20327833106324103,0.16150493586814213,0.1827191980077797,0.16838035906580678,20.010093554994803,19.989906445005197,69.57567356458635,69.57567356458635,0.0,0.24911741532681023,0.0,0.25085977356334593,0.0,0.248887887561784,0.0,0.25113492354805983,0.0,0.0,0.03200610913452916,0.0,0.03246662950465648,0.0,0.03190430462946715,0.0,0.032344659274857385,0.0,4.56222196876543e-5,0.17052352291861295,0.8507451122805422,0.03991057683054188,0.46874792395754084,0.1412075886659207,0.2290813937868358,0.239666530170705,1.2744087417351269,0.03810422427351861,1.2691011350499368,0.03896552267101182,1.2794509680860575,0.03964398895699628,0.0053076066851899415,0.84724161133558,0.040877202242042734,0.8441151045667047,0.0417627559666499,0.8502117927660114,0.04244798811604399,0.0031265067688752823,0.29675068125004467,0.1991047862499058,0.26688480624981736,0.23725972624976696
2.0e7,40.0,2.0,1.0,2.0,1.0,0.2,0.001,0.001,0.125,0.5,0.5,1.0,0.2260054263330319,0.2697518558471191,0.282147253769597,0.22209546405025202,0.16747353324977707,0.18942889934253154,0.19514255443432607,0.1654761279760035,20.008771721734906,19.991228278265094,69.66544755689354,69.66544755689354,0.0,0.25117984437889757,0.0,0.24971529862692785,0.0,0.25006540832969953,0.0,0.24903944866447508,0.0,0.0,0.03207013025883092,0.0,0.03186412168817922,0.0,0.031872457735639056,0.0,0.03196033445913612,0.0,-0.0017902860116507768,0.1686097252924851,0.8527046963597107,0.039214708781213914,0.502822797233808,0.12419703845784347,0.2469460586668147,0.2558767385669932,1.2763703855007904,0.03766608825560233,1.259082126249823,0.03842662501551894,1.2927942317892094,0.040882022094663295,0.017288259250967154,0.847011485564889,0.040732610827965234,0.8382922402703141,0.04145161926900901,0.8552947685947351,0.04360910854619295,0.008719245294574844,0.21519376749984487,0.2689059024998154,0.2931401337497416,0.22276019624992166
2.0e7,40.0,2.0,1.0,2.0,1.0,0.2,0.001,0.001,0.125,0.75,0.75,1.0,0.27586720689626626,0.22238190153433882,0.23969928112781771,0.2620516104415772,0.19228784882021288,0.16519649767809888,0.17482489587926597,0.18589088610825102,19.99942533336526,20.00057466663474,68.70757455864712,68.70757455864712,0.0,0.24867755840680236,0.0,0.24839432508920414,0.0,0.25162004157666434,0.0,0.25130807492732915,0.0,0.0,0.031086061495357645,0.0,0.031160231669048726,0.0,0.031917529701255186,0.0,0.0315826981065561,0.0,0.005856233007987056,0.16115033647749533,0.8603234636002633,0.036855430030932626,0.4973678974363921,0.14321699038933827,0.24774974576815187,0.24961815166824025,1.2805022017954617,0.03711883051021018,1.2260500128802625,0.03802276132032387,1.332231781264901,0.04669325437016447,0.05445218891519928,0.8494677664825602,0.0401352539033931,0.8262060336318285,0.04068809932484564,0.8715664126907549,0.04703404142336815,0.023261732850731444,0.26941967250017557,0.23836958499956573,0.253527741249995,0.23868300124992523
2.0e7,40.0,2.0,1.0,2.0,1.0,0.2,0.001,0.001,0.125,1.0,1.0,1.0,0.2108856938396837,0.3038444192308656,0.23393906617005192,0.2513308207593989,0.07675754548248986,0.0958553512732896,0.08320220045267927,0.08218250193684128,19.956879724617792,20.043120275382208,60.96797147508101,60.96797147508101,0.0,0.2484332431425976,0.0,0.2515667568574024,0.0,0.24951125002715277,0.0,0.2504887499728472,0.0,0.0,0.018615900724202297,0.0,0.018615900724202297,0.0,0.018630556817895216,0.0,0.018630556817895216,0.0,0.0,0.0,1.0256410256410253,4.93038093154136e-32,0.5174689073573173,0.05890586088698233,0.26639676400939044,0.2510721433479268,1.3856445166094926,0.011184103524068525,0.7389545340931691,0.04712194310279288,2.0,0.0,0.6466899825163235,0.8693081347535366,0.03542153776576263,0.7389545340931691,0.04712194310279288,0.9931440553808859,0.08876360058187942,0.1303536006603675,0.22078695749984667,0.2972662500000278,0.2359578912501716,0.24598890124977235
2.0e7,40.0,2.0,1.0,2.0,1.0,0.2,0.001,0.001,0.125,0.0,0.0,1.0,0.20836819814621121,0.25693974405890313,0.2775122054159886,0.25717985237889707,0.15840657051283985,0.18418197876916578,0.19274577264304169,0.18428908103639777,20.014115110326937,19.985884889673063,69.99568165253827,69.99568165253827,0.0,0.25133600687022184,0.0,0.2501263916596449,0.0,0.24952073058218166,0.0,0.24901687088795166,0.0,0.0,0.032150008523043554,0.0,0.03223333930292526,0.0,0.03222616412025682,0.0,0.032453546547373126,0.0,-0.002924797059733496,0.17073819514501745,0.8505161640026633,0.04013492556252625,0.5292641866914559,0.12808519716992728,0.2578516830673979,0.271412503624058,1.2737106698365868,0.03865159060486816,1.2737627201710768,0.039587764280987564,1.2736612220188213,0.039525516388695316,-5.205033449023178e-5,0.8461644179481307,0.04105633541749422,0.8461629307687261,0.0420634448801984,0.846165830768565,0.04196507778437689,1.4871794045605172e-6,0.21293791999983344,0.25676373124987106,0.29190892249995615,0.23838942625027174
2.0e7,40.0,2.0,1.0,2.0,1.0,0.2,0.001,0.001,0.125,0.25,0.25,1.0,0.2418025990665223,0.23230860514952192,0.33498438416753423,0.19090441161642155,0.1771197874405916,0.17160547227391196,0.21546416085197914,0.1484291881145826,19.98024700109739,20.01975299890261,69.85667726345712,69.85667726345712,0.0,0.24874595423633586,0.0,0.249803143066492,0.0,0.25069068190607324,0.0,0.25076022079109883,0.0,0.0,0.03193398795941305,0.0,0.032175018434845576,0.0,0.03229178577097812,0.0,0.03223998015459446,0.0,0.002901805394344144,0.16930420896943,0.8519870563710895,0.03949026458223177,0.49007640014757486,0.12198097042778279,0.2395410117120626,0.2505353884355122,1.2745775763411318,0.03825619151114722,1.2692927403024503,0.039137422136554856,1.2795981705778794,0.039780979813662104,0.005284836038681698,0.8465203498371886,0.04119743602861119,0.8434950800397469,0.042085368412005476,0.849394356144758,0.04274743542327801,0.0030252697974415287,0.24055704249997023,0.2202426799999915,0.3354005862500894,0.2037996912496996
2.0e7,40.0,2.0,1.0,2.0,1.0,0.2,0.001,0.001,0.125,0.5,0.5,1.0,0.25246933319614817,0.23598799800066678,0.3051955191558045,0.20634714964738057,0.18172006843489433,0.17309852406684093,0.20474854998197986,0.15704622632800452,19.96964794613067,20.03035205386933,69.94636714166361,69.94636714166361,0.0,0.2500810333288315,0.0,0.2493920430893309,0.0,0.25136675825740235,0.0,0.24916016532443525,0.0,0.0,0.03217569260026592,0.0,0.032176400909207564,0.0,0.03226703398565093,0.0,0.031906817490178534,0.0,0.0010538471636751564,0.16928908121164948,0.852010069332774,0.03908434231089519,0.48841120960045,0.12697360036499436,0.2402112740153713,0.2481999355850787,1.2748125387212408,0.0382054444006231,1.257483625461436,0.0389260591176172,1.2912750063180554,0.0414317734712986,0.017328913259804714,0.8462890140950549,0.04130662942741319,0.8374571859307411,0.041970197825335835,0.8546792508511528,0.04425339036581113,0.008831828164313642,0.24616639999974346,0.23307381624994641,0.3100329787502044,0.2107268049998607
2.0e7,40.0,2.0,1.0,2.0,1.0,0.2,0.001,0.001,0.125,0.75,0.75,1.0,0.2091885342117481,0.27848107758438456,0.26551297830483456,0.24681740989903278,0.1577896776051824,0.19263668584817822,0.18800712578935522,0.1781774879599643,20.05852671897074,19.94147328102926,68.87752823408732,68.87752823408732,0.0,0.24863505702027464,0.0,0.2476606612410744,0.0,0.2508761707846571,0.0,0.2528281109539938,0.0,0.0,0.03130106543750304,0.0,0.030915214021644735,0.0,0.031187093956657905,0.0,0.03169998894076533,0.0,0.00740856347730203,0.16078563026748685,0.8606764018997441,0.03683274954033212,0.5197320215827862,0.1241547130450563,0.25847622622751576,0.2612557953552705,1.2818062423213057,0.03682899801345712,1.2273632157312833,0.03774982138386185,1.3335271175818268,0.04631558443253949,0.05444302659002229,0.849023205681047,0.040248096871508786,0.8255959392212782,0.040806941963323094,0.8712791088178274,0.04723776944720793,0.02342726645976875,0.20184673874980813,0.2770127899998037,0.2692764887499153,0.25186398250015823
2.0e7,40.0,2.0,1.0,2.0,1.0,0.2,0.001,0.001,0.125,1.0,1.0,1.0,0.21645852130785992,0.24121265882151893,0.24854743480292024,0.2937813850677008,0.08116803914464299,0.0853448382557231,0.08662107057506434,0.09547792622200875,19.923118393160088,20.076881606839912,61.35317194042355,61.35317194042355,0.0,0.24880462645529855,0.0,0.25119537354470145,0.0,0.2507266666262963,0.0,0.2492733333737037,0.0,0.0,0.018785423061175907,0.0,0.018785423061175907,0.0,0.018527908136140445,0.0,0.018527908136140445,0.0,0.0,0.0,1.0256410256410253,4.93038093154136e-32,0.5394559176987821,0.06357152244575624,0.2972796949379383,0.24217622276084377,1.3853731852855353,0.011248423868362983,0.7383975908492566,0.0473929437777842,2.0,0.0,0.6469755944362786,0.8683100530426039,0.03604372225316372,0.7383975908492566,0.0473929437777842,0.9917268921262836,0.08931979994341852,0.12991246219334726,0.2208130462499069,0.24152423874966766,0.23902235625001378,0.29864035874994743
2.0e7,40.0,2.0,1.0,2.0,1.0,0.2,0.001,0.001,0.2795084971874737,0.0,0.0,1.0,0.2630399728866682,0.2855852619119299,0.24139639908908894,0.209978366112313,0.18652319954905716,0.19678536802264204,0.17609618495697563,0.15955712463475258,19.99201683377684,20.00798316622316,34.150474324609064,34.150474324609064,0.0,0.24999919027782275,0.0,0.2491648819908399,0.0,0.25103469716473903,0.0,0.2498012305665983,0.0,0.0,0.015791188575733243,0.0,0.015654787126483143,0.0,0.015932183915606694,0.0,0.01589210854626571,0.0,0.0016718554626746966,0.08358941823248997,0.939905426985311,0.012226491246886032,0.4716199436073837,0.1175976132036298,0.22978713231085646,0.24183281129652723,1.4086726724526577,0.010441477085993647,1.40863888723936,0.011442105135584864,1.4087047684052905,0.011345700461133977,3.378521329773014e-5,0.9380755483120422,0.012655231488256301,0.9380207493497246,0.013862161368984929,0.9381276073262439,0.013733776573258274,5.479896231773012e-5,0.26462115499989136,0.27814436124994607,0.2531053487498442,0.20412913499966195
2.0e7,40.0,2.0,1.0,2.0,1.0,0.2,0.001,0.001,0.2795084971874737,0.25,0.25,1.0,0.26987852250674876,0.2557573871801451,0.23267330790703847,0.24169078240606764,0.18911174255016222,0.18232762988684972,0.17122699812027048,0.17567859790608534,20.005301833038786,19.994698166961214,34.13523961278708,34.13523961278708,0.0,0.2500025611109688,0.0,0.24962666113185217,0.0,0.25024079304217817,0.0,0.25012998471500086,0.0,0.0,0.01580881034066293,0.0,0.01577938506252623,0.0,0.015732988233985397,0.0,0.01578029501369515,0.0,0.0007415555143580267,0.0833820223176108,0.9401204434975821,0.012234836107564272,0.48509548957207976,0.1265677697372213,0.23688001285461424,0.24821547671746552,1.4090221755671442,0.010348547127792772,1.401826085278668,0.011568635584730503,1.4158584613411964,0.011778461162140283,0.007196090288476313,0.9381147030107218,0.012646193324492759,0.9353511050535936,0.013988329055832369,0.9407401210699934,0.014096608398549098,0.002763597957128042,0.26222851749982296,0.25117598125014157,0.2308690012499793,0.2557264999999258
2.0e7,40.0,2.0,1.0,2.0,1.0,0.2,0.001,0.001,0.2795084971874737,0.5,0.5,1.0,0.25671368296035096,0.25119562354468755,0.3155937588559023,0.1764969346390592,0.18319839256971493,0.18080478246342668,0.2077988049837347,0.13855203373517297,20.032289109317272,19.967710890682728,33.57750896891713,33.57750896891713,0.0,0.24986801111844384,0.0,0.24923226115376323,0.0,0.2499605111133049,0.0,0.250939216614488,0.0,0.0,0.015471016745600846,0.0,0.0155408684936979,0.0,0.015586216496183298,0.0,0.015480963497102063,0.0,0.001799455455585808,0.08089325223766125,0.9426702709912526,0.011475710344072767,0.4640697006672706,0.10705180255684563,0.22838590555754032,0.2356837951097303,1.4111168157641656,0.010037816537371135,1.3825910337157028,0.01213480397641343,1.438216308710205,0.013122723341039292,0.028525782048462695,0.9395421802818444,0.012403110214506246,0.9319306224950824,0.014055437243342645,0.9467731601792688,0.01457704537085954,0.0076115577867623034,0.25692348499996837,0.24964492749985465,0.31876490749967035,0.1746666799998846
2.0e7,40.0,2.0,1.0,2.0,1.0,0.2,0.001,0.001,0.2795084971874737,0.75,0.75,1.0,0.31167549796247235,0.23154904408060867,0.2900035769442457,0.16677188101267326,0.2070935961772552,0.17129489640813636,0.19781726877748324,0.13249481881805805,19.980275334429148,20.019724665570852,33.571479937546506,33.571479937546506,0.0,0.25016796387955753,0.0,0.2501721624904354,0.0,0.25032095414883593,0.0,0.24933891948117118,0.0,0.0,0.01491565998257804,0.0,0.014953537825353016,0.0,0.014830309175928624,0.0,0.01482098991696779,0.0,-0.0006802527399859591,0.07152206211729516,0.9522845939613971,0.009494047828713433,0.4307768993043704,0.11407436675944503,0.21584437885816068,0.21493252044620967,1.4163669918257653,0.009389179275359497,1.3207567792562023,0.015139671109440736,1.5071966937668504,0.018104251525115488,0.09561021256956308,0.9395593150387276,0.01237353442556557,0.9215915879817539,0.014926843374856315,0.9566286557428525,0.016292833470601693,0.017967727056973623,0.30325407124967846,0.226809997500021,0.293997103750404,0.17593882749965203
2.0e7,40.0,2.0,1.0,2.0,1.0,0.2,0.001,0.001,0.2795084971874737,1.0,1.0,1.0,0.22259486124472994,0.31858990313389424,0.2265892471339307,0.23222598848744508,0.07485370475169097,0.10032094961421771,0.08304775783507365,0.07568337224025626,20.003791277567153,19.996208722432847,32.230544348435835,32.230544348435835,0.0,0.2502733235959264,0.0,0.24972667640407356,0.0,0.2501785416567477,0.0,0.2498214583432523,0.0,0.0,0.00996381359281887,0.0,0.00996381359281887,0.0,0.009999667220097257,0.0,0.009999667220097257,0.0,0.0,0.0,1.0256410256410253,4.93038093154136e-32,0.5034198224821147,0.05004819670803186,0.2361655577721555,0.26725426470995933,1.4565596460030967,0.004734787677999972,0.8845171681116193,0.01994906387323534,2.0,0.0,0.5720424778914773,0.9429985719701647,0.011627809390010143,0.8845171681116193,0.01994906387323534,0.9985559056357829,0.025476618835795824,0.05848140385854548,0.23175859999973644,0.32320961625006883,0.22147218625006979,0.22355959750006826
2.0e7,40.0,2.0,1.0,2.0,1.0,0.2,0.001,0.001,0.2795084971874737,0.0,0.0,1.0,0.2524792095844884,0.3290865094951939,0.21161657713241236,0.20681770378790534,0.18154470410977247,0.2124295005433846,0.15967748144767419,0.15716866505831145,19.98912105615994,20.01087894384006,34.31643303746324,34.31643303746324,0.0,0.2493549569802802,0.0,0.25019771804457125,0.0,0.2500742555514302,0.0,0.25037306942371834,0.0,0.0,0.015823329231979592,0.0,0.015875367956183793,0.0,0.015779225736112776,0.0,0.015904849291419578,0.0,0.0008946499502972247,0.08386013265697752,0.9396298170291126,0.012304634342732714,0.4711566994851978,0.11414826849504739,0.2295582737828406,0.24159842570235712,1.408444372180441,0.01048422468643135,1.4084134384214757,0.01149216864063876,1.4084737592514578,0.011385637570992523,3.093375896521618e-5,0.9376498731220155,0.012790765524345491,0.9376289809504367,0.013991796685344133,0.9376697206850155,0.013868145603568034,2.089217157885852e-5,0.25017356000011626,0.3188999799998092,0.21610787874998078,0.2148185812498237
2.0e7,40.0,2.0,1.0,2.0,1.0,0.2,0.001,0.001,0.2795084971874737,0.25,0.25,1.0,0.21338808120066213,0.2625310187482767,0.26048293969539227,0.2635979603556689,0.16168498548708446,0.18611442008818438,0.18553752376784877,0.1869645009500044,20.027058165163435,19.972941834836565,33.97049535565731,33.97049535565731,0.0,0.25041577636579015,0.0,0.25034111664771574,0.0,0.2489824292231984,0.0,0.25026067776329564,0.0,0.0,0.01578735966472627,0.0,0.015791004681092853,0.0,0.015602658056601118,0.0,0.015735297602655504,0.0,-0.0015137860270118878,0.08302175803507046,0.9404881590042189,0.01211027529452017,0.525454922857741,0.11879315769807083,0.25663081129935345,0.26882411155838754,1.4093995709877731,0.0102675107734647,1.4021814811653563,0.01150255997314804,1.416256756319069,0.011682206750966732,0.00721808982241681,0.93853531894177,0.012457637280890718,0.9358771582407426,0.013807369952907808,0.9410605716077458,0.013879325260024576,0.002658160701027353,0.2127100574998043,0.2563566224997851,0.25769293000014026,0.27324038999983535
2.0e7,40.0,2.0,1.0,2.0,1.0,0.2,0.001,0.001,0.2795084971874737,0.5,0.5,1.0,0.24381845451008585,0.2851895258228041,0.2475355473591363,0.22345647230797377,0.17643051769462215,0.19571027949523828,0.1787369226533991,0.16644657995268716,19.991451278252708,20.008548721747292,33.792809752685756,33.792809752685756,0.0,0.2498227166765157,0.0,0.25064579718634455,0.0,0.2495679208573377,0.0,0.24996356527980193,0.0,0.0,0.015441775376177023,0.0,0.015549802598748719,0.0,0.015394076467326325,0.0,0.01549145676278887,0.0,-0.0009370277257206821,0.08021056420121465,0.9433728843425321,0.011368692855182123,0.48836909827053804,0.11621096418811,0.23916259370549672,0.24920650456504126,1.41153283226527,0.010003344135251889,1.3827707994951894,0.012139127912944235,1.4388567633968465,0.013087352351663264,0.028762032770080496,0.9389926129334589,0.012499352689599586,0.9314513169661549,0.014164246403615861,0.9461568441023975,0.014618812101926176,0.007541295967303913,0.23664060249992744,0.3019123799999252,0.24215251250000833,0.21929450499989223
2.0e7,40.0,2.0,1.0,2.0,1.0,0.2,0.001,0.001,0.2795084971874737,0.75,0.75,1.0,0.2640465547751914,0.32561342218814326,0.185551503580472,0.22478851945619338,0.18649485526020834,0.21162074517153145,0.1440555371201727,0.1667075976370882,20.019437943364558,19.980562056635442,33.34652077744787,33.34652077744787,0.0,0.24962304307649763,0.0,0.2503838916453394,0.0,0.24913015977054667,0.0,0.25086290550761636,0.0,0.0,0.014800860785414371,0.0,0.014803652349418675,0.0,0.014789233482099859,0.0,0.014882699560710226,0.0,-1.3869443673919573e-5,0.07099305050208295,0.952827644358578,0.009348421364715713,0.47401811087348134,0.1201367282334353,0.22930575815557125,0.24471235271791006,1.4168651618835595,0.009265326039141895,1.3215187759974951,0.015078983774312047,1.5074442284753204,0.017894342287106308,0.09534638588606448,0.9401361621576775,0.012226701473219569,0.922083638539213,0.014807660530282889,0.957286059595219,0.016168288888181215,0.01805252361846453,0.26473116125022206,0.31306352749993627,0.20315280249973627,0.21905250874994664
2.0e7,40.0,2.0,1.0,2.0,1.0,0.2,0.001,0.001,0.2795084971874737,1.0,1.0,1.0,0.2998830111176105,0.1969862918340949,0.2601472661029297,0.24298343094536495,0.0948864479802673,0.0778991054098084,0.09740700854047152,0.09507820345041083,19.975361668035465,20.024638331964535,32.3197631747865,32.3197631747865,0.0,0.24980212917765945,0.0,0.2501978708223406,0.0,0.25041808747677285,0.0,0.24958191252322712,0.0,0.0,0.010001953381857711,0.0,0.010001953381857711,0.0,0.009968346001463164,0.0,0.009968346001463166,0.0,0.0,0.0,1.0256410256410253,4.93038093154136e-32,0.47266591579941997,0.06793822688961916,0.2592505077792739,0.21341540802014616,1.456531231902111,0.004744438933488253,0.884458844430649,0.019989727473228903,2.0,0.0,0.572072387471462,0.9427682860855224,0.011721095816049054,0.884458844430649,0.019989727473228903,0.9981622556576526,0.025595711073322317,0.058309441654873576,0.31214186124988974,0.19330393874987353,0.2648468100001711,0.2297073900000816
2.0e7,40.0,2.0,1.0,2.0,1.0,0.2,0.001,0.001,0.625,0.0,0.0,1.0,0.3043930067003885,0.1936882545173192,0.2868470257307208,0.21507171305157152,0.2045262019424471,0.14968169960980418,0.1977915242582606,0.16223435095307126,20.00090427772754,19.99909572227246,15.817270460059524,15.817270460059524,0.0,0.25005025971943,0.0,0.24969200001711112,0.0,0.2502853930397003,0.0,0.2499723472237585,0.0,0.0,0.007396471119793795,0.0,0.0073990161776719375,0.0,0.007407744279975033,0.0,0.007397736735323924,0.0,0.0005154805269177485,0.03934958358536716,0.9852822080826125,0.0030610227330266264,0.45683049337080045,0.12414619544338677,0.2225345803109443,0.23429591305985617,1.477741238416085,0.002382897714517426,1.477758607083586,0.0033944501397250577,1.477724738181959,0.003295647134760653,-1.736866750111861e-5,0.9850839220537422,0.003079335221359996,0.9851668011164642,0.0043832893827145634,0.9850051869441564,0.004252315830040055,-8.287906272206398e-5,0.30671191375000767,0.19335893249980282,0.27651793500011773,0.22341121874970976
2.0e7,40.0,2.0,1.0,2.0,1.0,0.2,0.001,0.001,0.625,0.25,0.25,1.0,0.2488919847837786,0.24256488652417293,0.2798161997324333,0.22872692895961508,0.1801135018508235,0.17652410005675268,0.19418122199662646,0.16947034684003606,19.987979222890043,20.012020777109957,15.786662612020757,15.786662612020757,0.0,0.24994273055873722,0.0,0.25036575831301344,0.0,0.24993476111473545,0.0,0.24975675001351388,0.0,0.0,0.007295511303544248,0.0,0.007331414623626809,0.0,0.007319196438332059,0.0,0.007341242496107452,0.0,-0.0006169777435012364,0.038298537671776205,0.9863600859429581,0.0029187623915697025,0.49054138007690984,0.1154840702547009,0.2396034259932772,0.2509379540836327,1.4783844846766456,0.002333223641119922,1.462187624907705,0.004130121757385127,1.4937715014571389,0.004044916453746343,0.01619685976894038,0.9851620352972659,0.003093736604383646,0.9837520476862897,0.004530807865971118,0.9865015235276929,0.004424359950581643,0.001409987610976076,0.24725201249980502,0.2443408687499378,0.27528578875026033,0.23312132999990723
2.0e7,40.0,2.0,1.0,2.0,1.0,0.2,0.001,0.001,0.625,0.5,0.5,1.0,0.28590939661614456,0.19723379320923368,0.2593919105893383,0.25746489958528335,0.19604585235052632,0.15125112521762124,0.18491029110780363,0.18384050179886363,19.98320533426637,20.01679466573363,15.772087161409447,15.772087161409447,0.0,0.25002342777647624,0.0,0.2502730555403858,0.0,0.2501468111029549,0.0,0.24955670558018309,0.0,0.0,0.00706434979836148,0.0,0.007073085996223278,0.0,0.007055471640943296,0.0,0.0070249698094908865,0.0,-0.0005929666337240759,0.03412030089055176,0.9906454865595813,0.002367962886420063,0.4865924069348892,0.13105088949100507,0.23987902828919327,0.24671337864569595,1.4805781151815578,0.002195500793206186,1.4098624819082248,0.00649168164526769,1.547757966791224,0.006464533506255929,0.070715633273333,0.9851990555231293,0.0030852005094929346,0.9817090507237661,0.004719983879902691,0.9885145600825245,0.004639205990351209,0.0034900047993631856,0.27378968749987787,0.20954331749991909,0.25265021874981064,0.2640167762503263
2.0e7,40.0,2.0,1.0,2.0,1.0,0.2,0.001,0.001,0.625,0.75,0.75,1.0,0.24073992273667094,0.2616864132396437,0.22921483448806476,0.2683588295356205,0.17507766568653554,0.18593445294633823,0.1694054262456402,0.18858705169269055,19.994856611396855,20.005143388603145,15.78269648999665,15.78269648999665,0.0,0.250079694440017,0.0,0.2500428027753998,0.0,0.25008578193967873,0.0,0.24979172084490436,0.0,0.0,0.006464296148795878,0.0,0.0064797001818112055,0.0,0.006463613787291749,0.0,0.006448399501735587,0.0,-0.0002449944308336427,0.024780026644392196,1.000225553548723,0.001327634640971145,0.513622063381316,0.12252128077182917,0.2488989120260027,0.26472315135531327,1.4854234520918594,0.0018904443525070754,1.287761478165298,0.010745868250265037,1.673202327322093,0.010129324406096906,0.1976619739265615,0.9851725075189063,0.0030778901725307343,0.9778999488885991,0.00510198530222823,0.992081438217698,0.005074963620260776,0.007272558630306927,0.23797909500014222,0.2465427899997037,0.2395328137496986,0.2759453012499528
2.0e7,40.0,2.0,1.0,2.0,1.0,0.2,0.001,0.001,0.625,1.0,1.0,1.0,0.3083033759275902,0.23224311626427133,0.25943077030940165,0.2000227374987368,0.10091690043743035,0.08849106705553433,0.10157547657337467,0.06983213792050615,20.023010220943878,19.976989779056122,15.567077196369366,15.567077196369366,0.0,0.24997959861224453,0.0,0.25002040138775544,0.0,0.24940434308864765,0.0,0.2505956569113524,0.0,0.0,0.004859343646283355,0.0,0.004859343646283354,0.0,0.004827958213657581,0.0,0.004827958213657581,0.0,0.0,0.0,1.0256410256410253,4.93038093154136e-32,0.445705971598661,0.0558208389462662,0.22712497989574135,0.21858099170291964,1.4987173064815171,0.001402125424472476,0.9710513133041668,0.005907570001724755,2.0,0.0,0.5276659931773503,0.9857240876876929,0.0030148154468717784,0.9710513133041668,0.005907570001724755,0.9996632233520434,0.006021909037038646,0.014672774383526307,0.2980452949997765,0.24109942500000056,0.2502530587500531,0.2106022212498018
2.0e7,40.0,2.0,1.0,2.0,1.0,0.2,0.001,0.001,0.625,0.0,0.0,1.0,0.24098020050109994,0.23674871184729376,0.2634707117516271,0.2588003758999791,0.1754787636291465,0.1740421616164274,0.18707040439399011,0.18461573792832758,19.974031279220483,20.025968720779517,15.841224681059169,15.841224681059169,0.0,0.2494673889184784,0.0,0.2504731791403789,0.0,0.2501760388791089,0.0,0.24988339306203367,0.0,0.0,0.007364742367086748,0.0,0.007399648636210892,0.0,0.0073731735242002095,0.0,0.0074105119930990395,0.0,0.00011886388228534015,0.03928641517693226,0.9853472542328449,0.0030685858274951297,0.5093584742661319,0.12072137607489458,0.24816384371007946,0.2611946305560523,1.4778489701764816,0.002377783846991797,1.4777876395381138,0.003391277852789185,1.4779072342829314,0.003300039513354592,6.133063836811309e-5,0.9850207739091021,0.003114091878008009,0.9849604555138927,0.0044364940266036455,0.9850780763845515,0.004295502594355616,6.031839520946114e-5,0.2524433212497843,0.22924470500000976,0.26631654249990666,0.25199543125004503
2.0e7,40.0,2.0,1.0,2.0,1.0,0.2,0.001,0.001,0.625,0.25,0.25,1.0,0.30973545501469696,0.18600771327734925,0.2911781435456587,0.21307868816229508,0.20529458479928017,0.14513848989444983,0.19929717571243089,0.16057836096200612,19.995459333585593,20.004540666414407,15.960686826791816,15.960686826791816,0.0,0.24989628889465063,0.0,0.2497088486272862,0.0,0.25040466803307404,0.0,0.2499901944449892,0.0,0.0,0.007328006327339362,0.0,0.007316074987817902,0.0,0.007370372389607245,0.0,0.007365922334406641,0.0,0.0007897249561263914,0.038313837584459026,0.9863441444908521,0.002907926020217599,0.45315651687977876,0.12394599379575046,0.22187556579486048,0.23128095108491828,1.4781935717242887,0.00235053946621763,1.461990260006389,0.004146253672766252,1.4935867178562934,0.004069374697360204,0.01620331171789968,0.9847161370314395,0.0031643203383941703,0.9832796594084399,0.004606747711129393,0.9860807907732894,0.004495228981517257,0.0014364776229996855,0.30716650999982903,0.1930828362498702,0.28071938874984154,0.219031264999811
2.0e7,40.0,2.0,1.0,2.0,1.0,0.2,0.001,0.001,0.625,0.5,0.5,1.0,0.21803028927609502,0.20392214283765872,0.2870826507176305,0.2909649171686157,0.16364365062972638,0.15539248870442857,0.19669370846713627,0.1993627672736949,19.993186833711842,20.006813166288158,15.778532747429216,15.778532747429216,0.0,0.2497744208458655,0.0,0.24987315417371367,0.0,0.2502971749834903,0.0,0.2500552499969306,0.0,0.0,0.007028504079320171,0.0,0.007047907139302126,0.0,0.007058466200913172,0.0,0.0070748702807710015,0.0,0.0007048499608416689,0.03428322985317176,0.9904782310133176,0.002358409814922294,0.5375769415670252,0.12205245357146892,0.2656650010012364,0.2719119405657887,1.4805950677447186,0.0021742970411343047,1.4102879590775694,0.00645474497431727,1.5473868209785102,0.006423604065855605,0.07030710866714891,0.985183132589541,0.0030864152475073873,0.9815006188640006,0.004740592356873432,0.9886815206288043,0.0046739483064956,0.00368251372554034,0.22421538499998067,0.2052132799998784,0.28798815374967746,0.2825831812500786
2.0e7,40.0,2.0,1.0,2.0,1.0,0.2,0.001,0.001,0.625,0.75,0.75,1.0,0.18515952443558198,0.21886236839653508,0.3365101604716577,0.25946794669622525,0.14443645871028635,0.16395727020537407,0.2149794212680009,0.18510928943871063,19.992227722654015,20.007772277345985,15.777296313923722,15.777296313923722,0.0,0.2500216638876853,0.0,0.24983815695343572,0.0,0.2503561499802138,0.0,0.24978402917866507,0.0,0.0,0.0064648450862315,0.0,0.006470731758215712,0.0,0.006450850865517881,0.0,0.006472380960768407,0.0,0.00028035831775787115,0.02472524098254263,1.0002817249131233,0.0013229651635402462,0.538056882985603,0.10596651801962186,0.2750704545612467,0.26298642842435616,1.4854174207531632,0.0018943105089089093,1.2880884372114612,0.010707521815483387,1.6728799551177804,0.01007988976500323,0.19732898354170214,0.9851862670623013,0.003090469744101267,0.9778420681900605,0.005109433806868586,0.9921632559909304,0.005081156239924391,0.007344198872240843,0.18021308374989364,0.21968380624983302,0.3584518187496407,0.24165129125010204
2.0e7,40.0,2.0,1.0,2.0,1.0,0.2,0.001,0.001,0.625,1.0,1.0,1.0,0.24758863207840934,0.25959473696695906,0.2232412112088216,0.26957541974581,0.09589974533914591,0.08357630827436492,0.0794440995090384,0.09871831614965328,20.001380555478857,19.998619444521143,15.527670871844238,15.527670871844238,0.0,0.2501515722138016,0.0,0.24984842778619848,0.0,0.2501170583268301,0.0,0.2498829416731699,0.0,0.0,0.004847120289751616,0.0,0.004847120289751616,0.0,0.004847792616791803,0.0,0.004847792616791803,0.0,0.0,0.0,1.0256410256410253,4.93038093154136e-32,0.5111912387394152,0.06725401553548287,0.24362106239055015,0.26757017634886504,1.4986873885344614,0.0013996791005005842,0.9709899027812627,0.00589726291374346,2.0,0.0,0.5276974857531986,0.985826482268899,0.0029889099032147197,0.9709899027812627,0.00589726291374346,0.9999212327821538,0.005983132223502827,0.014836579487636399,0.26408749624994116,0.2554706862498952,0.2199681587499518,0.2604736587499987
